,Departure,Arrival,Distance,Flights,Total Distance
1,深圳,北京,2077,222,461094
2,北京,深圳,2077,215,446555
3,哈尔滨,深圳,3034,140,424760
4,成都,上海,1782,232,413424
5,重庆,北京,1640,252,413280
6,深圳,上海,1343,305,409615
7,重庆,上海,1537,261,401157
8,上海,深圳,1343,297,398871
9,昆明,上海,2042,189,385938
10,上海,成都,1782,206,367092
11,北京,昆明,2266,150,339900
12,深圳,哈尔滨,3034,112,339808
13,西安,广州,1528,216,330048
14,上海,西安,1351,243,328293
15,三亚,哈尔滨,3920,80,313600
16,北京,重庆,1640,191,313240
17,乌鲁木齐,北京,2842,110,312620
18,上海,昆明,2042,152,310384
19,哈尔滨,三亚,3920,79,309680
20,西安,上海,1351,227,306677
21,杭州,成都,1699,179,304121
22,重庆,深圳,1290,233,300570
23,成都,杭州,1699,175,297325
24,乌鲁木齐,郑州,2747,106,291182
25,广州,西安,1528,188,287264
26,哈尔滨,上海,1854,154,285516
27,北京,乌鲁木齐,2842,100,284200
28,上海,哈尔滨,1854,152,281808
29,沈阳,三亚,3425,81,277425
30,乌鲁木齐,广州,3836,69,264684
31,贵阳,北京,2039,126,256914
32,乌鲁木齐,杭州,3653,70,255710
33,广州,重庆,1188,215,255420
34,昆明,北京,2266,111,251526
35,重庆,广州,1188,210,249480
36,北京,西安,1034,241,249194
37,广州,上海,1308,189,247212
38,深圳,重庆,1290,191,246390
39,深圳,西安,1635,150,245250
40,北京,贵阳,2039,119,242641
41,上海,乌鲁木齐,3649,66,240834
42,乌鲁木齐,上海,3649,66,240834
43,西安,深圳,1635,147,240345
44,北京,三亚,2710,87,235770
45,海口,北京,2493,94,234342
46,三亚,长春,3700,63,233100
47,深圳,沈阳,2671,87,232377
48,长春,重庆,2463,94,231522
49,重庆,长春,2463,94,231522
50,广州,乌鲁木齐,3836,60,230160
51,长春,三亚,3700,62,229400
52,北京,武汉,1133,202,228866
53,哈尔滨,北京,1010,219,221190
54,昆明,长春,3300,67,221100
55,厦门,西安,1932,114,220248
56,北京,杭州,1200,183,219600
57,西安,北京,1000,219,219000
58,成都,广州,1390,157,218230
59,北京,哈尔滨,1010,216,218160
60,上海,大连,1051,207,217557
61,济南,深圳,1828,119,217532
62,深圳,济南,1828,119,217532
63,深圳,天津,2021,107,216247
64,广州,成都,1390,155,215450
65,深圳,郑州,1465,147,215355
66,昆明,杭州,2089,103,215167
67,北京,广州,1967,109,214403
68,三亚,郑州,2120,100,212000
69,郑州,海口,1873,113,211649
70,郑州,乌鲁木齐,2747,77,211519
71,南京,昆明,1870,113,211310
72,昆明,广州,1357,155,210335
73,天津,深圳,2021,104,210184
74,大连,广州,2285,91,207935
75,长春,昆明,3300,63,207900
76,广州,北京,1967,105,206535
77,武汉,北京,1133,182,206206
78,海口,郑州,1873,110,206030
79,西安,厦门,1932,106,204792
80,昆明,南京,1870,109,203830
81,广州,沈阳,2672,76,203072
82,沈阳,广州,2672,76,203072
83,郑州,三亚,2120,94,199280
84,上海,重庆,1537,129,198273
85,三亚,北京,2710,73,197830
86,大连,上海,1051,187,196537
87,哈尔滨,广州,3119,63,196497
88,成都,乌鲁木齐,2258,87,196446
89,沈阳,深圳,2671,73,194983
90,昆明,厦门,1680,116,194880
91,杭州,乌鲁木齐,3653,53,193609
92,郑州,深圳,1465,132,193380
93,杭州,北京,1200,160,192000
94,乌鲁木齐,成都,2258,84,189672
95,南京,广州,1255,151,189505
96,天津,广州,1910,99,189090
97,上海,三亚,2050,92,188600
98,西安,乌鲁木齐,2306,81,186786
99,郑州,广州,1389,134,186126
100,杭州,昆明,2089,89,185921
101,广州,昆明,1357,137,185909
102,成都,深圳,1446,127,183642
103,上海,长春,1698,108,183384
104,上海,广州,1308,140,183120
105,北京,厦门,1774,103,182722
106,三亚,上海,2050,89,182450
107,深圳,成都,1446,126,182196
108,北京,海口,2493,73,181989
109,长春,深圳,2983,61,181963
110,昆明,青岛,2373,76,180348
111,厦门,昆明,1680,105,176400
112,郑州,昆明,1570,112,175840
113,青岛,昆明,2373,74,175602
114,海口,天津,2370,74,175380
115,杭州,广州,1099,159,174741
116,长春,上海,1698,102,173196
117,北京,成都,1697,102,173094
118,上海,厦门,878,196,172088
119,广州,南京,1255,137,171935
120,广州,天津,1910,90,171900
121,上海,沈阳,1364,126,171864
122,沈阳,上海,1364,126,171864
123,广州,大连,2285,75,171375
124,昆明,郑州,1570,109,171130
125,成都,昆明,744,228,169632
126,成都,沈阳,2346,72,168912
127,乌鲁木齐,三亚,3989,42,167538
128,成都,拉萨,1334,125,166750
129,乌鲁木齐,济南,3206,52,166712
130,沈阳,成都,2346,71,166566
131,成都,哈尔滨,2710,61,165310
132,厦门,上海,878,187,164186
133,广州,郑州,1389,117,162513
134,昆明,沈阳,2935,55,161425
135,沈阳,厦门,2242,72,161424
136,厦门,沈阳,2242,72,161424
137,三亚,沈阳,3425,47,160975
138,广州,青岛,1867,86,160562
139,上海,海口,1762,91,160342
140,海口,上海,1762,90,158580
141,广州,杭州,1099,144,158256
142,昆明,深圳,1245,126,156870
143,青岛,广州,1867,84,156828
144,海口,哈尔滨,3720,42,156240
145,成都,北京,1697,92,156124
146,青岛,深圳,2049,76,155724
147,深圳,青岛,2049,76,155724
148,贵阳,沈阳,2470,63,155610
149,沈阳,贵阳,2470,63,155610
150,沈阳,昆明,2935,53,155555
151,北京,上海,1178,132,155496
152,上海,天津,1133,137,155221
153,天津,上海,1133,136,154088
154,昆明,成都,744,206,153264
155,广州,哈尔滨,3119,49,152831
156,南京,深圳,1526,100,152600
157,深圳,南京,1526,98,149548
158,拉萨,成都,1334,112,149408
159,天津,海口,2370,63,149310
160,哈尔滨,成都,2710,55,149050
161,北京,拉萨,3004,49,147196
162,昆明,哈尔滨,3494,42,146748
163,广州,长春,2971,49,145579
164,昆明,福州,1959,74,144966
165,三亚,西安,2067,70,144690
166,海口,沈阳,3142,46,144532
167,沈阳,海口,3142,46,144532
168,深圳,杭州,1179,122,143838
169,兰州,广州,2078,69,143382
170,成都,厦门,1911,75,143325
171,厦门,成都,1911,75,143325
172,南京,乌鲁木齐,3412,42,143304
173,乌鲁木齐,南京,3412,42,143304
174,深圳,昆明,1245,115,143175
175,郑州,上海,887,161,142807
176,重庆,大连,2008,71,142568
177,上海,北京,1178,121,142538
178,北京,兰州,1356,105,142380
179,杭州,贵阳,1538,92,141496
180,海口,乌鲁木齐,4400,32,140800
181,青岛,上海,693,200,138600
182,上海,青岛,693,200,138600
183,长春,广州,2971,46,136666
184,厦门,北京,1774,77,136598
185,重庆,杭州,1500,91,136500
186,乌鲁木齐,海口,4400,31,136400
187,贵阳,上海,1702,80,136160
188,长沙,北京,1446,93,134478
189,贵阳,南京,1550,86,133300
190,北京,福州,1681,79,132799
191,杭州,重庆,1500,88,132000
192,乌鲁木齐,兰州,1758,75,131850
193,深圳,长春,2983,44,131252
194,厦门,重庆,1516,86,130376
195,长春,海口,3420,38,129960
196,南京,贵阳,1550,83,128650
197,昆明,天津,2210,58,128180
198,西安,三亚,2067,62,128154
199,杭州,深圳,1179,108,127332
200,大连,厦门,1929,66,127314
201,无锡,深圳,1368,93,127224
202,济南,成都,1419,89,126291
203,南宁,上海,1750,72,126000
204,上海,南宁,1750,72,126000
205,北京,珠海,2098,60,125880
206,珠海,北京,2098,60,125880
207,银川,广州,2088,60,125280
208,济南,乌鲁木齐,3206,39,125034
209,上海,贵阳,1702,73,124246
210,大连,深圳,2368,52,123136
211,深圳,大连,2368,52,123136
212,济南,重庆,1300,94,122200
213,成都,济南,1419,86,122034
214,银川,北京,1107,110,121770
215,厦门,大连,1929,63,121527
216,重庆,济南,1300,93,120900
217,三亚,天津,2514,48,120672
218,天津,三亚,2514,48,120672
219,拉萨,北京,3004,40,120160
220,上海,郑州,887,135,119745
221,兰州,北京,1356,88,119328
222,武汉,昆明,1364,87,118668
223,广州,太原,1722,68,117096
224,太原,广州,1722,68,117096
225,海口,长春,3420,34,116280
226,海口,西安,1860,62,115320
227,西安,海口,1860,62,115320
228,广州,兰州,2078,55,114290
229,兰州,乌鲁木齐,1758,65,114270
230,长沙,乌鲁木齐,3261,35,114135
231,乌鲁木齐,长沙,3261,35,114135
232,大连,海口,2920,39,113880
233,重庆,厦门,1516,75,113700
234,大连,重庆,2008,56,112448
235,北京,大连,579,194,112326
236,昆明,济南,2080,54,112320
237,福州,乌鲁木齐,3939,28,110292
238,乌鲁木齐,福州,3939,28,110292
239,成都,南京,1618,68,110024
240,上海,兰州,1890,58,109620
241,长沙,哈尔滨,2378,46,109388
242,哈尔滨,长沙,2378,46,109388
243,北京,银川,1107,98,108486
244,昆明,重庆,649,166,107734
245,兰州,上海,1890,57,107730
246,大连,北京,579,184,106536
247,乌鲁木齐,青岛,3420,31,106020
248,重庆,天津,1530,69,105570
249,哈尔滨,青岛,1111,95,105545
250,深圳,无锡,1368,77,105336
251,上海,太原,1238,85,105230
252,郑州,成都,1039,101,104939
253,三亚,济南,2497,42,104874
254,北京,长沙,1446,72,104112
255,沈阳,武汉,1859,56,104104
256,烟台,深圳,2191,47,102977
257,天津,重庆,1530,67,102510
258,济南,三亚,2497,41,102377
259,太原,深圳,1796,57,102372
260,武汉,上海,761,134,101974
261,重庆,三亚,1517,67,101639
262,杭州,三亚,1950,52,101400
263,天津,昆明,2210,45,99450
264,福州,北京,1681,59,99179
265,南宁,北京,2250,44,99000
266,成都,郑州,1039,95,98705
267,太原,昆明,1762,56,98672
268,贵阳,杭州,1538,64,98432
269,昆明,石家庄,2092,47,98324
270,南宁,郑州,1557,63,98091
271,郑州,南宁,1557,63,98091
272,长春,北京,933,105,97965
273,石家庄,昆明,2092,46,96232
274,昆明,大连,2597,37,96089
275,广州,银川,2088,46,96048
276,青岛,乌鲁木齐,3420,28,95760
277,成都,大连,1989,48,95472
278,海口,太原,2270,42,95340
279,太原,海口,2270,42,95340
280,太原,上海,1238,77,95326
281,重庆,昆明,649,146,94754
282,乌鲁木齐,喀什,1311,72,94392
283,青岛,厦门,1571,60,94260
284,厦门,青岛,1571,60,94260
285,北京,南昌,1398,67,93666
286,海口,大连,2920,32,93440
287,南京,三亚,2030,46,93380
288,三亚,南京,2030,46,93380
289,北京,长春,933,100,93300
290,厦门,乌鲁木齐,4238,22,93236
291,南京,西安,1104,84,92736
292,温州,北京,1596,58,92568
293,重庆,宁波,1556,59,91804
294,喀什,乌鲁木齐,1311,70,91770
295,长沙,上海,964,95,91580
296,济南,厦门,1400,65,91000
297,北京,桂林,1887,48,90576
298,温州,重庆,1505,60,90300
299,郑州,重庆,980,92,90160
300,广州,无锡,1365,66,90090
301,无锡,广州,1365,66,90090
302,青岛,哈尔滨,1111,81,89991
303,昆明,太原,1762,51,89862
304,上海,武汉,761,118,89798
305,哈尔滨,南宁,3196,28,89488
306,南宁,哈尔滨,3196,28,89488
307,长沙,昆明,1116,80,89280
308,乌鲁木齐,厦门,4238,21,88998
309,海口,济南,2272,39,88608
310,济南,哈尔滨,1425,62,88350
311,成都,宁波,1803,49,88347
312,深圳,太原,1796,49,88004
313,北京,南宁,2250,39,87750
314,石家庄,厦门,1786,49,87514
315,厦门,石家庄,1786,49,87514
316,桂林,北京,1887,46,86802
317,武汉,三亚,1700,51,86700
318,济南,海口,2272,38,86336
319,重庆,郑州,980,88,86240
320,哈尔滨,南京,1756,49,86044
321,南京,哈尔滨,1756,49,86044
322,呼和浩特,深圳,2206,39,86034
323,深圳,呼和浩特,2206,39,86034
324,西宁,上海,2047,42,85974
325,昆明,长沙,1116,77,85932
326,昆明,武汉,1364,63,85932
327,石家庄,广州,1822,47,85634
328,温州,广州,1015,84,85260
329,海口,青岛,2435,35,85225
330,青岛,海口,2435,35,85225
331,重庆,沈阳,2129,40,85160
332,沈阳,重庆,2129,40,85160
333,西安,杭州,1215,70,85050
334,上海,长沙,964,88,84832
335,南京,沈阳,1630,52,84760
336,沈阳,南京,1630,52,84760
337,武汉,广州,873,97,84681
338,长沙,成都,940,90,84600
339,成都,长沙,940,90,84600
340,乌鲁木齐,和田,1341,63,84483
341,西安,南宁,1832,46,84272
342,拉萨,重庆,1585,53,84005
343,大连,成都,1989,42,83538
344,青岛,贵阳,1981,42,83202
345,南京,拉萨,3959,21,83139
346,乌鲁木齐,重庆,2679,31,83049
347,福州,贵阳,1450,57,82650
348,长沙,三亚,1398,59,82482
349,南昌,北京,1398,59,82482
350,三亚,长沙,1398,59,82482
351,重庆,拉萨,1585,52,82420
352,海口,石家庄,2349,35,82215
353,石家庄,海口,2349,35,82215
354,成都,三亚,1677,49,82173
355,三亚,成都,1677,49,82173
356,成都,西安,647,127,82169
357,南宁,济南,2000,41,82000
358,深圳,乌鲁木齐,3900,21,81900
359,乌鲁木齐,深圳,3900,21,81900
360,海口,长沙,1100,74,81400
361,南京,成都,1618,50,80900
362,珠海,重庆,1235,65,80275
363,三亚,乌鲁木齐,3989,20,79780
364,重庆,哈尔滨,2650,30,79500
365,哈尔滨,重庆,2650,30,79500
366,海口,广州,548,145,79460
367,福州,太原,1721,46,79166
368,太原,福州,1721,46,79166
369,乌鲁木齐,阿克苏,857,92,78844
370,广州,武汉,873,90,78570
371,长沙,海口,1100,71,78100
372,和田,乌鲁木齐,1341,58,77778
373,宁波,成都,1803,43,77529
374,西安,南京,1104,70,77280
375,丽江,深圳,1605,48,77040
376,青岛,珠海,2200,35,77000
377,珠海,青岛,2200,35,77000
378,上海,烟台,846,91,76986
379,丽江,上海,2402,32,76864
380,上海,丽江,2402,32,76864
381,温州,西安,1601,48,76848
382,西安,温州,1601,48,76848
383,深圳,烟台,2191,35,76685
384,福州,昆明,1959,39,76401
385,济南,长春,1210,63,76230
386,重庆,珠海,1235,61,75335
387,北京,西宁,1780,42,74760
388,天津,南宁,2135,35,74725
389,兰州,杭州,1775,42,74550
390,长春,杭州,2010,37,74370
391,杭州,长春,2010,37,74370
392,三亚,重庆,1517,49,74333
393,呼和浩特,海拉尔,1402,53,74306
394,西安,福州,1515,49,74235
395,呼和浩特,通辽,1090,68,74120
396,通辽,呼和浩特,1090,68,74120
397,三亚,杭州,1950,38,74100
398,珠海,天津,2058,36,74088
399,沈阳,西安,1683,44,74052
400,西安,沈阳,1683,44,74052
401,重庆,海口,1253,59,73927
402,海口,重庆,1253,59,73927
403,海口,杭州,1606,46,73876
404,杭州,海口,1606,46,73876
405,哈尔滨,昆明,3494,21,73374
406,西安,拉萨,1980,37,73260
407,重庆,南宁,858,85,72930
408,贵阳,福州,1450,50,72500
409,西安,成都,647,112,72464
410,广州,海口,548,132,72336
411,南宁,重庆,858,84,72072
412,重庆,烟台,1751,41,71791
413,烟台,重庆,1751,41,71791
414,长沙,天津,1353,53,71709
415,海拉尔,呼和浩特,1402,51,71502
416,厦门,济南,1400,51,71400
417,兰州,三亚,2550,28,71400
418,三亚,兰州,2550,28,71400
419,西双版纳,昆明,450,158,71100
420,长春,南京,1533,46,70518
421,南京,长春,1533,46,70518
422,武汉,海口,1379,51,70329
423,杭州,沈阳,1849,38,70262
424,沈阳,杭州,1849,38,70262
425,济南,南宁,2000,35,70000
426,广州,济南,1664,42,69888
427,济南,广州,1664,42,69888
428,北京,揭阳,1941,36,69876
429,杭州,南宁,1661,42,69762
430,西宁,北京,1780,39,69420
431,温州,昆明,1926,36,69336
432,贵阳,青岛,1981,35,69335
433,厦门,武汉,910,76,69160
434,乌鲁木齐,银川,1725,40,69000
435,银川,乌鲁木齐,1725,40,69000
436,昆明,西双版纳,450,153,68850
437,阿克苏,乌鲁木齐,857,80,68560
438,哈尔滨,厦门,2732,25,68300
439,武汉,厦门,910,75,68250
440,青岛,成都,1705,40,68200
441,南宁,杭州,1661,41,68101
442,天津,珠海,2058,33,67914
443,南宁,西安,1832,37,67784
444,天津,长沙,1353,50,67650
445,南昌,沈阳,1922,35,67270
446,福州,广州,763,88,67144
447,北京,温州,1596,42,67032
448,宁波,重庆,1556,43,66908
449,呼和浩特,加格达奇,2386,28,66808
450,桂林,上海,1389,48,66672
451,长春,济南,1210,55,66550
452,兰州,西安,550,120,66000
453,贵阳,厦门,1268,52,65936
454,杭州,石家庄,1076,61,65636
455,沈阳,郑州,1339,49,65611
456,郑州,沈阳,1339,49,65611
457,无锡,昆明,2108,31,65348
458,贵阳,深圳,926,70,64820
459,深圳,贵阳,926,70,64820
460,济南,昆明,2080,31,64480
461,广州,石家庄,1822,35,63770
462,石家庄,杭州,1076,59,63484
463,嘉峪关,广州,3018,21,63378
464,太原,长春,1364,46,62744
465,杭州,哈尔滨,2091,30,62730
466,赤峰,呼和浩特,639,98,62622
467,呼和浩特,赤峰,639,98,62622
468,烟台,上海,846,74,62604
469,南宁,青岛,2230,28,62440
470,青岛,南宁,2230,28,62440
471,大连,昆明,2597,24,62328
472,贵阳,温州,1480,42,62160
473,杭州,兰州,1775,35,62125
474,广州,义乌,1107,56,61992
475,北京,南京,981,63,61803
476,重庆,乌鲁木齐,2679,23,61617
477,兰州,深圳,2185,28,61180
478,深圳,兰州,2185,28,61180
479,杭州,银川,1746,35,61110
480,银川,杭州,1746,35,61110
481,阿克苏,杭州,4360,14,61040
482,杭州,阿克苏,4360,14,61040
483,深圳,丽江,1605,38,60990
484,合肥,深圳,1191,51,60741
485,海口,武汉,1379,44,60676
486,哈尔滨,杭州,2091,29,60639
487,厦门,哈尔滨,2732,22,60104
488,丽江,广州,1717,35,60095
489,哈尔滨,郑州,1662,36,59832
490,郑州,哈尔滨,1662,36,59832
491,上海,桂林,1389,43,59727
492,福州,济南,1298,46,59708
493,福州,南宁,1455,41,59655
494,昆明,西安,1268,47,59596
495,西安,昆明,1268,47,59596
496,厦门,贵阳,1268,47,59596
497,杭州,西安,1215,49,59535
498,武汉,沈阳,1859,32,59488
499,丽江,南京,2200,27,59400
500,南京,丽江,2200,27,59400
501,南京,伊宁,4200,14,58800
502,伊宁,南京,4200,14,58800
503,青岛,北京,646,91,58786
504,上海,揭阳,1046,56,58576
505,杭州,大连,1171,50,58550
506,成都,合肥,1392,42,58464
507,北海,上海,1670,35,58450
508,上海,北海,1670,35,58450
509,哈尔滨,济南,1425,41,58425
510,深圳,合肥,1191,49,58359
511,西安,兰州,550,106,58300
512,兰州,济南,1573,37,58201
513,海口,兰州,2410,24,57840
514,兰州,海口,2410,24,57840
515,西安,西宁,721,80,57680
516,珠海,沈阳,2733,21,57393
517,上海,西宁,2047,28,57316
518,上海,银川,2047,28,57316
519,银川,上海,2047,28,57316
520,长春,太原,1364,42,57288
521,银川,西安,560,102,57120
522,上海,湛江,1779,32,56928
523,湛江,上海,1779,32,56928
524,丽江,北京,2574,22,56628
525,西双版纳,郑州,2020,28,56560
526,郑州,西双版纳,2020,28,56560
527,成都,武汉,1047,54,56538
528,武汉,成都,1047,54,56538
529,郑州,厦门,1312,43,56416
530,成都,青岛,1705,33,56265
531,深圳,威海,2000,28,56000
532,威海,深圳,2000,28,56000
533,南京,北京,981,57,55917
534,济南,福州,1298,43,55814
535,海口,南京,1990,28,55720
536,南京,海口,1990,28,55720
537,福州,大连,1687,33,55671
538,上海,珠海,1497,37,55389
539,珠海,上海,1497,37,55389
540,乌鲁木齐,西安,2306,24,55344
541,重庆,太原,1129,49,55321
542,太原,重庆,1129,49,55321
543,武汉,重庆,801,69,55269
544,绵阳,厦门,1973,28,55244
545,合肥,海口,1840,30,55200
546,广州,福州,763,72,54936
547,广州,贵阳,872,63,54936
548,深圳,海口,603,91,54873
549,昆明,无锡,2108,26,54808
550,天津,哈尔滨,1190,46,54740
551,长沙,青岛,1437,38,54606
552,青岛,长沙,1437,38,54606
553,宁波,深圳,1237,44,54428
554,深圳,宁波,1237,44,54428
555,呼和浩特,乌兰浩特,1327,41,54407
556,乌兰浩特,呼和浩特,1327,41,54407
557,广州,合肥,1105,49,54145
558,北京,丽江,2574,21,54054
559,南京,珠海,1544,35,54040
560,珠海,南京,1544,35,54040
561,兰州,厦门,2244,24,53856
562,北京,宁波,1338,40,53520
563,南京,重庆,1305,41,53505
564,昆明,乌鲁木齐,3143,17,53431
565,厦门,广州,567,94,53298
566,福州,西安,1515,35,53025
567,重庆,石家庄,1258,42,52836
568,石家庄,重庆,1258,42,52836
569,三亚,武汉,1700,31,52700
570,长春,成都,2630,20,52600
571,海口,深圳,603,87,52461
572,长沙,厦门,873,60,52380
573,宁波,北京,1338,39,52182
574,桂林,青岛,1860,28,52080
575,青岛,桂林,1860,28,52080
576,哈尔滨,海口,3720,14,52080
577,北京,绵阳,1527,34,51918
578,重庆,揭阳,1568,33,51744
579,西安,哈尔滨,2044,25,51100
580,哈尔滨,武汉,2128,24,51072
581,合肥,广州,1105,46,50830
582,大连,福州,1687,30,50610
583,南京,南宁,1574,32,50368
584,南宁,南京,1574,32,50368
585,大连,杭州,1171,43,50353
586,广州,宁波,1189,42,49938
587,宁波,广州,1189,42,49938
588,北海,北京,2378,21,49938
589,北京,青岛,646,77,49742
590,温州,深圳,1009,49,49441
591,昆明,芒市,470,105,49350
592,银川,无锡,1897,26,49322
593,长沙,太原,1174,42,49308
594,太原,长沙,1174,42,49308
595,哈尔滨,西安,2044,24,49056
596,西宁,西安,721,68,49028
597,长春,郑州,1742,28,48776
598,郑州,长春,1742,28,48776
599,天津,福州,1622,30,48660
600,青岛,西安,1215,40,48600
601,重庆,南京,1305,37,48285
602,广州,丽江,1717,28,48076
603,长沙,拉萨,2179,22,47938
604,郑州,杭州,841,57,47937
605,绵阳,拉萨,2274,21,47754
606,上海,长白山,1987,24,47688
607,呼和浩特,三亚,2803,17,47651
608,成都,珠海,1536,31,47616
609,珠海,成都,1536,31,47616
610,成都,揭阳,1700,28,47600
611,芒市,昆明,470,101,47470
612,上海,石家庄,1130,42,47460
613,石家庄,上海,1130,42,47460
614,乌鲁木齐,贵阳,2789,17,47413
615,鄂尔多斯,上海,1690,28,47320
616,上海,鄂尔多斯,1690,28,47320
617,沈阳,无锡,1350,35,47250
618,厦门,郑州,1312,36,47232
619,乌鲁木齐,昆明,3143,15,47145
620,广州,三亚,747,63,47061
621,武汉,哈尔滨,2128,22,46816
622,武汉,青岛,1017,46,46782
623,天津,武汉,1082,43,46526
624,贵阳,兰州,1327,35,46445
625,兰州,贵阳,1327,35,46445
626,大连,南京,910,51,46410
627,三亚,贵阳,1160,40,46400
628,西安,银川,560,82,45920
629,三亚,石家庄,2550,18,45900
630,青岛,武汉,1017,45,45765
631,拉萨,长沙,2179,21,45759
632,义乌,广州,1107,41,45387
633,大连,武汉,1460,31,45260
634,广州,长白山,3229,14,45206
635,广州,延吉,3227,14,45178
636,延吉,广州,3227,14,45178
637,济南,银川,1367,33,45111
638,银川,济南,1367,33,45111
639,杭州,西双版纳,2500,18,45000
640,三亚,太原,2500,18,45000
641,太原,三亚,2500,18,45000
642,西双版纳,杭州,2500,18,45000
643,三亚,呼和浩特,2803,16,44848
644,广州,厦门,567,79,44793
645,无锡,三亚,2126,21,44646
646,乌鲁木齐,伊宁,551,81,44631
647,西安,无锡,1310,34,44540
648,上海,延吉,1930,23,44390
649,延吉,上海,1930,23,44390
650,海拉尔,上海,2774,16,44384
651,上海,海拉尔,2774,16,44384
652,呼和浩特,上海,1576,28,44128
653,上海,呼和浩特,1576,28,44128
654,上海,西昌,2100,21,44100
655,西昌,上海,2100,21,44100
656,伊宁,乌鲁木齐,551,80,44080
657,贵阳,三亚,1160,38,44080
658,昌都,天津,2074,21,43554
659,成都,石家庄,1357,32,43424
660,石家庄,三亚,2550,17,43350
661,温州,银川,2050,21,43050
662,银川,温州,2050,21,43050
663,贵阳,郑州,1302,33,42966
664,哈尔滨,太原,1714,25,42850
665,太原,哈尔滨,1714,25,42850
666,绵阳,北京,1527,28,42756
667,昆明,揭阳,1523,28,42644
668,烟台,北京,575,74,42550
669,深圳,温州,1009,42,42378
670,深圳,武汉,938,45,42210
671,成都,南昌,1240,34,42160
672,重庆,温州,1505,28,42140
673,深圳,襄阳(中国),1237,34,42058
674,西安,腾冲,2000,21,42000
675,桂林,长春,2619,16,41904
676,长沙,杭州,805,52,41860
677,杭州,长沙,805,52,41860
678,西宁,郑州,1196,35,41860
679,南昌,重庆,970,43,41710
680,郑州,贵阳,1302,32,41664
681,昆明,银川,1666,25,41650
682,广州,呼和浩特,2080,20,41600
683,呼和浩特,广州,2080,20,41600
684,福州,重庆,1598,26,41548
685,宁波,青岛,864,48,41472
686,青岛,宁波,864,48,41472
687,福州,上海,678,61,41358
688,大庆,上海,1950,21,40950
689,上海,大庆,1950,21,40950
690,石家庄,成都,1357,30,40710
691,大连,三亚,2903,14,40642
692,三亚,大连,2903,14,40642
693,西宁,深圳,2390,17,40630
694,合肥,厦门,900,45,40500
695,海口,合肥,1840,22,40480
696,成都,库尔勒,2698,15,40470
697,库尔勒,成都,2698,15,40470
698,北京,北海,2378,17,40426
699,沈阳,南昌,1922,21,40362
700,长春,长沙,2372,17,40324
701,长沙,长春,2372,17,40324
702,西安,合肥,960,42,40320
703,库尔勒,重庆,3098,13,40274
704,西安,青岛,1215,33,40095
705,青岛,三亚,2854,14,39956
706,三亚,青岛,2854,14,39956
707,贵阳,成都,531,75,39825
708,海口,昆明,1046,38,39748
709,昆明,海口,1046,38,39748
710,杭州,天津,1133,35,39655
711,南宁,成都,1014,39,39546
712,天津,大连,759,52,39468
713,济南,兰州,1573,25,39325
714,海口,呼和浩特,2808,14,39312
715,呼和浩特,海口,2808,14,39312
716,北京,无锡,1120,35,39200
717,南宁,沈阳,2780,14,38920
718,沈阳,南宁,2780,14,38920
719,西安,天津,993,39,38727
720,福州,桂林,1100,35,38500
721,桂林,福州,1100,35,38500
722,海口,厦门,1100,35,38500
723,厦门,海口,1100,35,38500
724,重庆,无锡,1375,28,38500
725,无锡,重庆,1375,28,38500
726,南宁,武汉,1099,35,38465
727,武汉,南宁,1099,35,38465
728,喀什,深圳,5471,7,38297
729,深圳,喀什,5471,7,38297
730,厦门,兰州,2244,17,38148
731,桂林,南京,1192,32,38144
732,南京,桂林,1192,32,38144
733,成都,张掖,9492,4,37968
734,北京,烟台,575,66,37950
735,无锡,银川,1897,20,37940
736,兰州,郑州,1024,37,37888
737,杭州,西昌,2367,16,37872
738,西昌,杭州,2367,16,37872
739,西安,格尔木,1352,28,37856
740,三亚,温州,1802,21,37842
741,温州,三亚,1802,21,37842
742,成都,太原,1173,32,37536
743,福州,哈尔滨,2487,15,37305
744,深圳,石家庄,1773,21,37233
745,石家庄,深圳,1773,21,37233
746,重庆,库尔勒,3098,12,37176
747,西宁,厦门,2653,14,37142
748,厦门,西宁,2653,14,37142
749,深圳,南通,1478,25,36950
750,鄂尔多斯,西安,695,53,36835
751,成都,长春,2630,14,36820
752,昆明,丽江,360,102,36720
753,无锡,西安,1310,28,36680
754,贵阳,天津,2030,18,36540
755,天津,贵阳,2030,18,36540
756,长沙,大连,1819,20,36380
757,大连,长沙,1819,20,36380
758,丽江,昆明,360,101,36360
759,北京,沈阳,649,56,36344
760,沈阳,北京,649,56,36344
761,成都,无锡,1730,21,36330
762,无锡,成都,1730,21,36330
763,贵阳,乌鲁木齐,2789,13,36257
764,天津,杭州,1133,32,36256
765,成都,义乌,1722,21,36162
766,桂林,昆明,859,42,36078
767,昆明,桂林,859,42,36078
768,大连,济南,670,53,35510
769,济南,大连,670,53,35510
770,西安,鄂尔多斯,695,51,35445
771,桂林,西安,1101,32,35232
772,长沙,西宁,1676,21,35196
773,西宁,长沙,1676,21,35196
774,武汉,大连,1460,24,35040
775,喀什,上海,4960,7,34720
776,上海,喀什,4960,7,34720
777,武汉,深圳,938,37,34706
778,沈阳,北海,3147,11,34617
779,乌鲁木齐,张掖,8639,4,34556
780,海口,福州,1234,28,34552
781,武汉,丽江,1645,21,34545
782,成都,贵阳,531,65,34515
783,哈尔滨,天津,1190,29,34510
784,长沙,济南,1228,28,34384
785,济南,长沙,1228,28,34384
786,重庆,长沙,695,49,34055
787,海口,宁波,1620,21,34020
788,宁波,海口,1620,21,34020
789,南通,深圳,1478,23,33994
790,烟台,哈尔滨,1093,31,33883
791,丽江,西安,1610,21,33810
792,西安,丽江,1610,21,33810
793,杭州,厦门,717,47,33699
794,厦门,杭州,717,47,33699
795,南京,大连,910,37,33670
796,西安,榆林,480,70,33600
797,榆林,西安,480,70,33600
798,厦门,扬州,1200,28,33600
799,长沙,南京,799,42,33558
800,南京,长沙,799,42,33558
801,武汉,天津,1082,31,33542
802,成都,呼和浩特,1587,21,33327
803,杭州,青岛,792,42,33264
804,西安,库尔勒,2758,12,33096
805,哈尔滨,南通,1572,21,33012
806,杭州,武汉,656,50,32800
807,北京,大理,2335,14,32690
808,大理,北京,2335,14,32690
809,北京,合肥,959,34,32606
810,海口,海拉尔,4656,7,32592
811,海拉尔,海口,4656,7,32592
812,长沙,南宁,856,38,32528
813,海口,南昌,1204,27,32508
814,济南,沈阳,900,36,32400
815,太原,乌鲁木齐,2313,14,32382
816,乌鲁木齐,太原,2313,14,32382
817,银川,郑州,951,34,32334
818,郑州,银川,951,34,32334
819,合肥,昆明,1795,18,32310
820,成都,丽江,734,44,32296
821,丽江,成都,734,44,32296
822,杭州,丽江,2305,14,32270
823,丽江,杭州,2305,14,32270
824,呼和浩特,青岛,976,33,32208
825,北京,宜春,1530,21,32130
826,北海,重庆,1070,30,32100
827,珠海,南昌,764,42,32088
828,成都,日喀则,1526,21,32046
829,海口,温州,1526,21,32046
830,温州,海口,1526,21,32046
831,长沙,重庆,695,46,31970
832,重庆,昌都,1522,21,31962
833,昌都,重庆,1522,21,31962
834,南京,绵阳,1517,21,31857
835,贵阳,海口,910,35,31850
836,海口,贵阳,910,35,31850
837,昆明,南通,2273,14,31822
838,南通,昆明,2273,14,31822
839,哈尔滨,烟台,1093,29,31697
840,哈尔滨,温州,2264,14,31696
841,温州,哈尔滨,2264,14,31696
842,拉萨,西安,1980,16,31680
843,海口,成都,1757,18,31626
844,深圳,榆林,2258,14,31612
845,阿克苏,上海,4506,7,31542
846,南宁,昆明,668,47,31396
847,拉萨,青岛,2854,11,31394
848,南昌,海口,1204,26,31304
849,温州,贵阳,1480,21,31080
850,南昌,成都,1240,25,31000
851,贵阳,丽江,809,38,30742
852,丽江,贵阳,809,38,30742
853,郑州,兰州,1024,30,30720
854,合肥,成都,1392,22,30624
855,海口,连云港,2186,14,30604
856,连云港,海口,2186,14,30604
857,北京,库尔勒,2780,11,30580
858,库尔勒,北京,2780,11,30580
859,长沙,西安,955,32,30560
860,贵阳,武汉,925,33,30525
861,武汉,贵阳,925,33,30525
862,贵阳,广州,872,35,30520
863,重庆,临沂,1522,20,30440
864,临沂,重庆,1522,20,30440
865,太原,武汉,866,35,30310
866,武汉,太原,866,35,30310
867,北京,牡丹江,1439,21,30219
868,牡丹江,北京,1439,21,30219
869,常州,广州,1434,21,30114
870,广州,常州,1434,21,30114
871,广州,西宁,2150,14,30100
872,西宁,广州,2150,14,30100
873,南宁,长沙,856,35,29960
874,哈尔滨,福州,2487,12,29844
875,天津,西安,993,30,29790
876,兰州,南京,1654,18,29772
877,南京,兰州,1654,18,29772
878,兰州,昆明,1749,17,29733
879,包头,广州,1981,15,29715
880,广州,包头,1981,15,29715
881,沈阳,济南,900,33,29700
882,宁波,郑州,1060,28,29680
883,郑州,宁波,1060,28,29680
884,北京,腾冲,2695,11,29645
885,成都,天津,1640,18,29520
886,天津,成都,1640,18,29520
887,乌鲁木齐,义乌,3689,8,29512
888,长春,武汉,2107,14,29498
889,武汉,长春,2107,14,29498
890,昆明,南宁,668,44,29392
891,南昌,深圳,753,39,29367
892,西安,长春,1957,15,29355
893,广州,潍坊,2093,14,29302
894,潍坊,广州,2093,14,29302
895,青岛,呼和浩特,976,30,29280
896,长春,南昌,2077,14,29078
897,北京,嘉峪关,2074,14,29036
898,南宁,烟台,2072,14,29008
899,烟台,南宁,2072,14,29008
900,北京,郑州,690,42,28980
901,郑州,北京,690,42,28980
902,拉萨,石家庄,2408,12,28896
903,石家庄,拉萨,2408,12,28896
904,大庆,青岛,1375,21,28875
905,青岛,大庆,1375,21,28875
906,长春,桂林,2619,11,28809
907,厦门,合肥,900,32,28800
908,长春,温州,2056,14,28784
909,温州,长春,2056,14,28784
910,合肥,北京,959,30,28770
911,温州,成都,1797,16,28752
912,西安,长沙,955,30,28650
913,南宁,太原,1909,15,28635
914,太原,南宁,1909,15,28635
915,桂林,烟台,2040,14,28560
916,烟台,桂林,2040,14,28560
917,青岛,拉萨,2854,10,28540
918,义乌,北京,1189,24,28536
919,乌鲁木齐,温州,4073,7,28511
920,上海,克拉玛依,3562,8,28496
921,哈尔滨,宁波,2035,14,28490
922,宁波,哈尔滨,2035,14,28490
923,绵阳,乌鲁木齐,2844,10,28440
924,乌鲁木齐,绵阳,2844,10,28440
925,广州,温州,1015,28,28420
926,成都,南宁,1014,28,28392
927,格尔木,西安,1352,21,28392
928,重庆,青岛,1577,18,28386
929,青岛,重庆,1577,18,28386
930,无锡,沈阳,1350,21,28350
931,长春,厦门,2576,11,28336
932,厦门,长春,2576,11,28336
933,杭州,太原,1180,24,28320
934,太原,杭州,1180,24,28320
935,北京,达州,1345,21,28245
936,北京,遵义,1880,15,28200
937,太原,成都,1173,24,28152
938,济南,上海,852,33,28116
939,大连,天津,759,37,28083
940,南昌,西安,1078,26,28028
941,北京,哈密,2802,10,28020
942,哈密,北京,2802,10,28020
943,丽江,武汉,1645,17,27965
944,厦门,长沙,873,32,27936
945,南宁,石家庄,1990,14,27860
946,石家庄,南宁,1990,14,27860
947,合肥,西安,960,29,27840
948,北京,芒市,2778,10,27780
949,南宁,天津,2135,13,27755
950,兰州,温州,2133,13,27729
951,温州,兰州,2133,13,27729
952,青岛,杭州,792,35,27720
953,拉萨,南京,3959,7,27713
954,西安,大连,1385,20,27700
955,南昌,青岛,1319,21,27699
956,青岛,南昌,1319,21,27699
957,库尔勒,西安,2758,10,27580
958,绵阳,长沙,982,28,27496
959,南京,石家庄,857,32,27424
960,石家庄,南京,857,32,27424
961,长春,西安,1957,14,27398
962,宁波,乌鲁木齐,3910,7,27370
963,乌鲁木齐,宁波,3910,7,27370
964,北京,义乌,1189,23,27347
965,南京,太原,974,28,27272
966,太原,南京,974,28,27272
967,重庆,福州,1598,17,27166
968,北京,加格达奇,1930,14,27020
969,昆明,合肥,1795,15,26925
970,深圳,万州,1280,21,26880
971,武夷山,西安,1275,21,26775
972,西安,武夷山,1275,21,26775
973,乌鲁木齐,呼和浩特,2226,12,26712
974,成都,福州,1771,15,26565
975,福州,成都,1771,15,26565
976,拉萨,西宁,1558,17,26486
977,嘉峪关,西安,1260,21,26460
978,北京,大庆,1100,24,26400
979,拉萨,阿里,1250,21,26250
980,上海,牡丹江,2003,13,26039
981,长沙,福州,743,35,26005
982,福州,长沙,743,35,26005
983,福州,海口,1234,21,25914
984,烟台,杭州,995,26,25870
985,桂林,杭州,1230,21,25830
986,杭州,桂林,1230,21,25830
987,义乌,成都,1722,15,25830
988,广州,台州,1123,23,25829
989,台州,广州,1123,23,25829
990,乌鲁木齐,西宁,1518,17,25806
991,上海,福州,678,38,25764
992,合肥,沈阳,1608,16,25728
993,沈阳,合肥,1608,16,25728
994,北京,铜仁,1710,15,25650
995,铜仁,北京,1710,15,25650
996,厦门,张家口,1830,14,25620
997,石家庄,乌鲁木齐,2826,9,25434
998,乌鲁木齐,石家庄,2826,9,25434
999,贵阳,济南,1815,14,25410
1000,绵阳,上海,1809,14,25326
1001,上海,绵阳,1809,14,25326
1002,昆明,腾冲,429,59,25311
1003,威海,上海,1010,25,25250
1004,长春,青岛,1051,24,25224
1005,青岛,长春,1051,24,25224
1006,济南,西安,900,28,25200
1007,西安,贵阳,933,27,25191
1008,西宁,青岛,1937,13,25181
1009,成都,温州,1797,14,25158
1010,郑州,西宁,1196,21,25116
1011,呼和浩特,锡林浩特,501,50,25050
1012,锡林浩特,呼和浩特,501,50,25050
1013,福州,郑州,1192,21,25032
1014,郑州,福州,1192,21,25032
1015,呼和浩特,郑州,695,36,25020
1016,乌鲁木齐,库尔勒,373,67,24991
1017,成都,林芝,1190,21,24990
1018,哈尔滨,南昌,2264,11,24904
1019,南昌,哈尔滨,2264,11,24904
1020,深圳,南昌,753,33,24849
1021,深圳,徐州,1380,18,24840
1022,徐州,深圳,1380,18,24840
1023,福州,南京,747,33,24651
1024,南京,福州,747,33,24651
1025,成都,海口,1757,14,24598
1026,重庆,兰州,1117,22,24574
1027,兰州,重庆,1117,22,24574
1028,郑州,北海,1886,13,24518
1029,海口,揭阳,907,27,24489
1030,武汉,西双版纳,1745,14,24430
1031,西双版纳,武汉,1745,14,24430
1032,榆林,南宁,1743,14,24402
1033,杭州,郑州,841,29,24389
1034,郑州,呼和浩特,695,35,24325
1035,厦门,南宁,1105,22,24310
1036,丽江,沈阳,3463,7,24241
1037,沈阳,丽江,3463,7,24241
1038,南宁,乌鲁木齐,3459,7,24213
1039,乌鲁木齐,南宁,3459,7,24213
1040,呼和浩特,阿尔山,1274,19,24206
1041,重庆,西双版纳,1099,22,24178
1042,西双版纳,重庆,1099,22,24178
1043,珠海,武汉,1003,24,24072
1044,常州,西安,1145,21,24045
1045,西安,常州,1145,21,24045
1046,重庆,武汉,801,30,24030
1047,成都,夏河,7974,3,23922
1048,深圳,西宁,2390,10,23900
1049,上海,济南,852,28,23856
1050,成都,攀枝花,700,34,23800
1051,北京,赣州,1700,14,23800
1052,赣州,北京,1700,14,23800
1053,拉萨,郑州,3392,7,23744
1054,郑州,拉萨,3392,7,23744
1055,西安,南昌,1078,22,23716
1056,青岛,揭阳,1688,14,23632
1057,成都,西宁,1124,21,23604
1058,无锡,北京,1120,21,23520
1059,兰州,成都,940,25,23500
1060,泸州,厦门,1952,12,23424
1061,厦门,泸州,1952,12,23424
1062,大连,宁波,1170,20,23400
1063,宁波,大连,1170,20,23400
1064,昆明,南昌,1457,16,23312
1065,南昌,昆明,1457,16,23312
1066,达州,昆明,1110,21,23310
1067,南京,银川,1664,14,23296
1068,银川,南京,1664,14,23296
1069,大连,青岛,358,65,23270
1070,青岛,大连,358,65,23270
1071,南京,青岛,552,42,23184
1072,青岛,南京,552,42,23184
1073,昆明,珠海,1285,18,23130
1074,珠海,昆明,1285,18,23130
1075,青岛,宜春,1099,21,23079
1076,南宁,南通,1642,14,22988
1077,南通,南宁,1642,14,22988
1078,大连,贵阳,2290,10,22900
1079,贵阳,大连,2290,10,22900
1080,库尔勒,乌鲁木齐,373,61,22753
1081,成都,池州,1620,14,22680
1082,沈阳,乌鲁木齐,3230,7,22610
1083,乌鲁木齐,沈阳,3230,7,22610
1084,成都,烟台,1882,12,22584
1085,成都,兰州,940,24,22560
1086,东营,上海,1074,21,22554
1087,呼和浩特,满洲里,1074,21,22554
1088,满洲里,呼和浩特,1074,21,22554
1089,上海,东营,1074,21,22554
1090,绵阳,深圳,1610,14,22540
1091,深圳,绵阳,1610,14,22540
1092,三亚,徐州,2040,11,22440
1093,徐州,三亚,2040,11,22440
1094,重庆,惠州,1065,21,22365
1095,福州,石家庄,1595,14,22330
1096,石家庄,福州,1595,14,22330
1097,重庆,西安,603,37,22311
1098,银川,夏河,7425,3,22275
1099,广州,湛江,454,49,22246
1100,丽江,郑州,1711,13,22243
1101,郑州,丽江,1711,13,22243
1102,北海,沈阳,3147,7,22029
1103,绵阳,福州,1835,12,22020
1104,厦门,珠海,629,35,22015
1105,珠海,厦门,629,35,22015
1106,柳州,北京,1998,11,21978
1107,石家庄,哈尔滨,1464,15,21960
1108,宁波,沈阳,1994,11,21934
1109,沈阳,宁波,1994,11,21934
1110,郑州,克拉玛依,2740,8,21920
1111,长沙,沈阳,2191,10,21910
1112,沈阳,长沙,2191,10,21910
1113,杭州,烟台,995,22,21890
1114,西安,揭阳,1988,11,21868
1115,广州,连云港,1560,14,21840
1116,连云港,广州,1560,14,21840
1117,长春,南宁,3117,7,21819
1118,南宁,长春,3117,7,21819
1119,湛江,广州,454,48,21792
1120,拉萨,上海,3107,7,21749
1121,上海,拉萨,3107,7,21749
1122,杭州,拉萨,3081,7,21567
1123,拉萨,杭州,3081,7,21567
1124,南昌,珠海,764,28,21392
1125,济南,武汉,890,24,21360
1126,西宁,成都,1124,19,21356
1127,西宁,乌鲁木齐,1518,14,21252
1128,上海,威海,1010,21,21210
1129,长沙,银川,1515,14,21210
1130,银川,长沙,1515,14,21210
1131,绵阳,广州,1514,14,21196
1132,乌海,北京,1111,19,21109
1133,贵阳,宁波,1507,14,21098
1134,宁波,贵阳,1507,14,21098
1135,武汉,珠海,1003,21,21063
1136,福州,深圳,750,28,21000
1137,深圳,福州,750,28,21000
1138,武汉,温州,750,28,21000
1139,昆明,兰州,1749,12,20988
1140,三亚,广州,747,28,20916
1141,太原,厦门,1900,11,20900
1142,厦门,太原,1900,11,20900
1143,北京,襄阳(中国),995,21,20895
1144,乌鲁木齐,运城,2611,8,20888
1145,运城,乌鲁木齐,2611,8,20888
1146,张家界,北京,1385,15,20775
1147,北京,宜昌,1483,14,20762
1148,宜昌,北京,1483,14,20762
1149,贵阳,哈尔滨,2966,7,20762
1150,哈尔滨,贵阳,2966,7,20762
1151,北海,郑州,1886,11,20746
1152,长治,重庆,985,21,20685
1153,重庆,长治,985,21,20685
1154,哈尔滨,合肥,1880,11,20680
1155,合肥,哈尔滨,1880,11,20680
1156,郑州,揭阳,1477,14,20678
1157,广州,宜昌,980,21,20580
1158,宜昌,广州,980,21,20580
1159,哈尔滨,石家庄,1464,14,20496
1160,上海,齐齐哈尔,2049,10,20490
1161,贵阳,铜仁,310,66,20460
1162,贵阳,长春,2918,7,20426
1163,广州,南宁,728,28,20384
1164,延吉,北京,1196,17,20332
1165,西宁,拉萨,1558,13,20254
1166,青岛,沈阳,721,28,20188
1167,沈阳,青岛,721,28,20188
1168,达州,北京,1345,15,20175
1169,贵阳,太原,1441,14,20174
1170,太原,贵阳,1441,14,20174
1171,上海,张家口,1434,14,20076
1172,温州,上海,418,48,20064
1173,呼和浩特,乌鲁木齐,2226,9,20034
1174,北京,恩施,1428,14,19992
1175,北京,柳州,1998,10,19980
1176,重庆,兴义,710,28,19880
1177,拉萨,深圳,2833,7,19831
1178,深圳,拉萨,2833,7,19831
1179,北海,哈尔滨,3300,6,19800
1180,鄂尔多斯,郑州,707,28,19796
1181,郑州,鄂尔多斯,707,28,19796
1182,宁波,西安,1520,13,19760
1183,西安,宁波,1520,13,19760
1184,合肥,南宁,1411,14,19754
1185,南宁,合肥,1411,14,19754
1186,桂林,太原,1791,11,19701
1187,太原,桂林,1791,11,19701
1188,丽江,西双版纳,577,34,19618
1189,广州,徐州,1400,14,19600
1190,深圳,扬州,1400,14,19600
1191,徐州,广州,1400,14,19600
1192,长春,无锡,1399,14,19586
1193,无锡,长春,1399,14,19586
1194,青岛,铜仁,1396,14,19544
1195,铜仁,青岛,1396,14,19544
1196,芒市,北京,2778,7,19446
1197,青岛,兰州,1765,11,19415
1198,大连,西安,1385,14,19390
1199,北京,太原,522,37,19314
1200,成都,景德镇,2407,8,19256
1201,景德镇,成都,2407,8,19256
1202,昆明,徐州,1924,10,19240
1203,徐州,昆明,1924,10,19240
1204,上海,温州,418,46,19228
1205,长沙,广州,620,31,19220
1206,包头,三亚,2742,7,19194
1207,三亚,包头,2742,7,19194
1208,沈阳,珠海,2733,7,19131
1209,北京,包头,579,33,19107
1210,南宁,揭阳,909,21,19089
1211,广州,南通,1363,14,19082
1212,南通,广州,1363,14,19082
1213,常州,成都,1583,12,18996
1214,大连,揭阳,2103,9,18927
1215,济南,西宁,1577,12,18924
1216,西宁,济南,1577,12,18924
1217,南京,西双版纳,2700,7,18900
1218,西双版纳,南京,2700,7,18900
1219,北京,乌海,1111,17,18887
1220,西安,额济纳旗,1347,14,18858
1221,武汉,福州,780,24,18720
1222,大庆,北京,1100,17,18700
1223,重庆,嘉峪关,1700,11,18700
1224,兰州,无锡,1700,11,18700
1225,无锡,兰州,1700,11,18700
1226,南昌,长春,2077,9,18693
1227,武汉,济南,890,21,18690
1228,福州,青岛,1333,14,18662
1229,青岛,福州,1333,14,18662
1230,贵阳,西安,933,20,18660
1231,常州,重庆,1332,14,18648
1232,重庆,常州,1332,14,18648
1233,广州,南昌,665,28,18620
1234,西双版纳,天津,2660,7,18620
1235,天津,海拉尔,1688,11,18568
1236,广州,拉萨,2651,7,18557
1237,拉萨,广州,2651,7,18557
1238,天津,温州,1545,12,18540
1239,温州,天津,1545,12,18540
1240,长沙,揭阳,878,21,18438
1241,石家庄,温州,1310,14,18340
1242,温州,石家庄,1310,14,18340
1243,青岛,牡丹江,1303,14,18242
1244,广州,万州,1302,14,18228
1245,万州,广州,1302,14,18228
1246,重庆,北海,1070,17,18190
1247,广州,绵阳,1514,12,18168
1248,乌鲁木齐,天津,3022,6,18132
1249,北京,景德镇,1290,14,18060
1250,景德镇,北京,1290,14,18060
1251,重庆,柳州,722,25,18050
1252,柳州,重庆,722,25,18050
1253,重庆,乌兰浩特,2256,8,18048
1254,乌兰浩特,重庆,2256,8,18048
1255,南昌,上海,644,28,18032
1256,昆明,惠州,1201,15,18015
1257,兰州,嘉峪关,718,25,17950
1258,包头,北京,579,31,17949
1259,深圳,景德镇,854,21,17934
1260,昆明,烟台,2550,7,17850
1261,烟台,昆明,2550,7,17850
1262,福州,天津,1622,11,17842
1263,大庆,杭州,2230,8,17840
1264,沈阳,湛江,2546,7,17822
1265,湛江,沈阳,2546,7,17822
1266,香格里拉,上海,2542,7,17794
1267,西安,伊宁,2960,6,17760
1268,三亚,深圳,837,21,17577
1269,深圳,三亚,837,21,17577
1270,重庆,敦煌,1597,11,17567
1271,呼和浩特,武汉,1254,14,17556
1272,武汉,呼和浩特,1254,14,17556
1273,长春,兰州,2502,7,17514
1274,兰州,长春,2502,7,17514
1275,青岛,海拉尔,2500,7,17500
1276,长沙,石家庄,1249,14,17486
1277,石家庄,长沙,1249,14,17486
1278,呼和浩特,成都,1587,11,17457
1279,青岛,西宁,1937,9,17433
1280,西双版纳,上海,2490,7,17430
1281,上海,唐山,1240,14,17360
1282,福州,珠海,825,21,17325
1283,珠海,福州,825,21,17325
1284,南昌,广州,665,26,17290
1285,丽江,石家庄,2468,7,17276
1286,石家庄,丽江,2468,7,17276
1287,兰州,南宁,1724,10,17240
1288,南宁,兰州,1724,10,17240
1289,北京,常德,1435,12,17220
1290,福州,兰州,2138,8,17104
1291,长春,烟台,895,19,17005
1292,嘉峪关,重庆,1700,10,17000
1293,昆明,三亚,1213,14,16982
1294,三亚,昆明,1213,14,16982
1295,包头,郑州,886,19,16834
1296,郑州,包头,886,19,16834
1297,北京,扬州,1200,14,16800
1298,银川,大连,1399,12,16788
1299,北京,延吉,1196,14,16744
1300,北京,威海,641,26,16666
1301,威海,北京,641,26,16666
1302,银川,昆明,1666,10,16660
1303,昆明,达州,1110,15,16650
1304,万州,深圳,1280,13,16640
1305,温州,南宁,1663,10,16630
1306,黑河,上海,2371,7,16597
1307,上海,黑河,2371,7,16597
1308,宁波,武汉,754,22,16588
1309,武汉,兰州,1275,13,16575
1310,贵阳,烟台,2363,7,16541
1311,烟台,贵阳,2363,7,16541
1312,喀什,济南,4134,4,16536
1313,温州,武汉,750,22,16500
1314,哈尔滨,北海,3300,5,16500
1315,南宁,海口,411,40,16440
1316,沈阳,揭阳,2343,7,16401
1317,昆明,运城,1365,12,16380
1318,重庆,银川,1163,14,16282
1319,银川,重庆,1163,14,16282
1320,洛阳,广州,1480,11,16280
1321,桂林,海口,773,21,16233
1322,青岛,天津,477,34,16218
1323,郑州,温州,1245,13,16185
1324,贵阳,重庆,351,46,16146
1325,海口,西宁,2300,7,16100
1326,杭州,延吉,2300,7,16100
1327,西宁,海口,2300,7,16100
1328,深圳,宜春,765,21,16065
1329,南宁,福州,1455,11,16005
1330,敦煌,重庆,1597,10,15970
1331,拉萨,绵阳,2274,7,15918
1332,厦门,银川,2269,7,15883
1333,银川,厦门,2269,7,15883
1334,铜仁,贵阳,310,51,15810
1335,深圳,义乌,1128,14,15792
1336,义乌,深圳,1128,14,15792
1337,常德,北京,1435,11,15785
1338,长沙,西双版纳,1432,11,15752
1339,西双版纳,长沙,1432,11,15752
1340,天津,青岛,477,33,15741
1341,成都,银川,1207,13,15691
1342,银川,成都,1207,13,15691
1343,西安,重庆,603,26,15678
1344,石家庄,烟台,746,21,15666
1345,烟台,石家庄,746,21,15666
1346,天津,鄂尔多斯,824,19,15656
1347,北京,运城,744,21,15624
1348,海口,南宁,411,38,15618
1349,兴义,贵阳,305,51,15555
1350,南昌,济南,1404,11,15444
1351,青岛,温州,1102,14,15428
1352,温州,青岛,1102,14,15428
1353,丽江,宁波,2200,7,15400
1354,宁波,丽江,2200,7,15400
1355,南充,深圳,1283,12,15396
1356,绵阳,海口,1396,11,15356
1357,北京,佳木斯,1395,11,15345
1358,佳木斯,北京,1395,11,15345
1359,三亚,银川,2556,6,15336
1360,银川,三亚,2556,6,15336
1361,深圳,遵义,1392,11,15312
1362,北京,盐城,900,17,15300
1363,盐城,北京,900,17,15300
1364,大连,珠海,2548,6,15288
1365,珠海,大连,2548,6,15288
1366,北京,张家界,1385,11,15235
1367,郑州,珠海,1520,10,15200
1368,珠海,郑州,1520,10,15200
1369,齐齐哈尔,北京,1265,12,15180
1370,天津,乌鲁木齐,3022,5,15110
1371,芒市,深圳,2155,7,15085
1372,深圳,芒市,2155,7,15085
1373,西双版纳,丽江,577,26,15002
1374,海拉尔,青岛,2500,6,15000
1375,广州,通化,3000,5,15000
1376,贵阳,兴义,305,49,14945
1377,三亚,无锡,2126,7,14882
1378,广州,长沙,620,24,14880
1379,南昌,三亚,1487,10,14870
1380,三亚,南昌,1487,10,14870
1381,昆明,临沂,2123,7,14861
1382,临沂,昆明,2123,7,14861
1383,兰州,天津,1350,11,14850
1384,达州,广州,1060,14,14840
1385,广州,达州,1060,14,14840
1386,鄂尔多斯,天津,824,18,14832
1387,重庆,西昌,592,25,14800
1388,福州,宜昌,1057,14,14798
1389,三亚,西宁,2466,6,14796
1390,西宁,三亚,2466,6,14796
1391,广州,威海,2112,7,14784
1392,威海,广州,2112,7,14784
1393,呼和浩特,昆明,2106,7,14742
1394,昆明,呼和浩特,2106,7,14742
1395,厦门,西昌,1636,9,14724
1396,合肥,大连,1045,14,14630
1397,石家庄,沈阳,974,15,14610
1398,广州,南阳,1215,12,14580
1399,南宁,广州,728,20,14560
1400,西安,张家界,693,21,14553
1401,张家界,西安,693,21,14553
1402,石家庄,张家口,428,34,14552
1403,重庆,南昌,970,15,14550
1404,嘉峪关,北京,2074,7,14518
1405,无锡,厦门,1035,14,14490
1406,厦门,无锡,1035,14,14490
1407,长春,天津,1113,13,14469
1408,天津,长春,1113,13,14469
1409,深圳,宜昌,1032,14,14448
1410,宜昌,深圳,1032,14,14448
1411,武汉,杭州,656,22,14432
1412,桂林,天津,1800,8,14400
1413,三亚,义乌,1800,8,14400
1414,天津,桂林,1800,8,14400
1415,义乌,三亚,1800,8,14400
1416,北京,西昌,2054,7,14378
1417,西昌,北京,2054,7,14378
1418,南京,烟台,752,19,14288
1419,烟台,南京,752,19,14288
1420,丽江,温州,2040,7,14280
1421,温州,丽江,2040,7,14280
1422,北京,常州,1016,14,14224
1423,常州,北京,1016,14,14224
1424,呼和浩特,阿拉善左旗,748,19,14212
1425,上海,衡阳,1012,14,14168
1426,昆明,衡阳,1009,14,14126
1427,兰州,青岛,1765,8,14120
1428,太原,北京,522,27,14094
1429,上海,榆林,2010,7,14070
1430,三亚,运城,2341,6,14046
1431,运城,三亚,2341,6,14046
1432,大连,石家庄,780,18,14040
1433,石家庄,大连,780,18,14040
1434,济南,南昌,1404,10,14040
1435,北海,西安,2000,7,14000
1436,西安,北海,2000,7,14000
1437,深圳,南阳,1271,11,13981
1438,海口,绵阳,1396,10,13960
1439,呼和浩特,厦门,1990,7,13930
1440,厦门,呼和浩特,1990,7,13930
1441,鸡西,三亚,4641,3,13923
1442,三亚,鸡西,4641,3,13923
1443,常州,厦门,989,14,13846
1444,厦门,常州,989,14,13846
1445,厦门,天津,1729,8,13832
1446,成都,大理,975,14,13650
1447,成都,桂林,975,14,13650
1448,大理,成都,975,14,13650
1449,桂林,成都,975,14,13650
1450,沈阳,石家庄,974,14,13636
1451,昆明,宁波,1948,7,13636
1452,济南,威海,486,28,13608
1453,威海,济南,486,28,13608
1454,宁波,三亚,1943,7,13601
1455,三亚,宁波,1943,7,13601
1456,长沙,泸州,1132,12,13584
1457,泸州,长沙,1132,12,13584
1458,成都,西昌,387,35,13545
1459,西昌,成都,387,35,13545
1460,西安,巴彦淖尔,967,14,13538
1461,上海,南昌,644,21,13524
1462,上海,宜宾,1932,7,13524
1463,宜宾,上海,1932,7,13524
1464,成都,台州,1929,7,13503
1465,台州,成都,1929,7,13503
1466,牡丹江,深圳,3371,4,13484
1467,深圳,牡丹江,3371,4,13484
1468,武汉,恩施,479,28,13412
1469,西安,呼和浩特,894,15,13410
1470,哈尔滨,漠河,954,14,13356
1471,漠河,哈尔滨,954,14,13356
1472,北京,西双版纳,2659,5,13295
1473,乌鲁木齐,鄂尔多斯,2205,6,13230
1474,广州,延安,1889,7,13223
1475,延安,广州,1889,7,13223
1476,大同,广州,1887,7,13209
1477,广州,大同,1887,7,13209
1478,海口,徐州,1880,7,13160
1479,徐州,海口,1880,7,13160
1480,海口,桂林,773,17,13141
1481,北京,海拉尔,1313,10,13130
1482,海拉尔,北京,1313,10,13130
1483,成都,南通,1870,7,13090
1484,南通,成都,1870,7,13090
1485,杭州,遵义,1866,7,13062
1486,重庆,大理,932,14,13048
1487,大理,重庆,932,14,13048
1488,包头,济南,1084,12,13008
1489,济南,包头,1084,12,13008
1490,西安,张掖,1175,11,12925
1491,广州,揭阳,380,34,12920
1492,北京,泸州,1840,7,12880
1493,北京,宜宾,1840,7,12880
1494,泸州,北京,1840,7,12880
1495,宜宾,北京,1840,7,12880
1496,鄂尔多斯,福州,1839,7,12873
1497,福州,鄂尔多斯,1839,7,12873
1498,长沙,贵阳,677,19,12863
1499,贵阳,长沙,677,19,12863
1500,呼和浩特,天津,612,21,12852
1501,天津,呼和浩特,612,21,12852
1502,深圳,大理,1835,7,12845
1503,广州,芒市,1830,7,12810
1504,芒市,广州,1830,7,12810
1505,三亚,珠海,673,19,12787
1506,大连,延吉,910,14,12740
1507,延吉,大连,910,14,12740
1508,济南,贵阳,1815,7,12705
1509,百色,重庆,668,19,12692
1510,重庆,百色,668,19,12692
1511,长治,南宁,1586,8,12688
1512,南宁,长治,1586,8,12688
1513,青岛,南通,603,21,12663
1514,宁波,揭阳,902,14,12628
1515,齐齐哈尔,天津,902,14,12628
1516,天津,齐齐哈尔,902,14,12628
1517,桂林,济南,1804,7,12628
1518,济南,桂林,1804,7,12628
1519,成都,铜仁,601,21,12621
1520,铜仁,成都,601,21,12621
1521,重庆,合肥,1146,11,12606
1522,合肥,重庆,1146,11,12606
1523,哈尔滨,加格达奇,600,21,12600
1524,西安,济南,900,14,12600
1525,满洲里,北京,1574,8,12592
1526,重庆,桂林,662,19,12578
1527,桂林,重庆,662,19,12578
1528,兰州,敦煌,1048,12,12576
1529,拉萨,厦门,3135,4,12540
1530,南通,石家庄,895,14,12530
1531,石家庄,南通,895,14,12530
1532,绵阳,武汉,1042,12,12504
1533,广州,腾冲,1786,7,12502
1534,贵阳,南宁,500,25,12500
1535,南宁,贵阳,500,25,12500
1536,连云港,深圳,1785,7,12495
1537,深圳,连云港,1785,7,12495
1538,哈尔滨,运城,2080,6,12480
1539,运城,哈尔滨,2080,6,12480
1540,广州,张家界,890,14,12460
1541,张家界,广州,890,14,12460
1542,广州,广元,1556,8,12448
1543,西安,珠海,1777,7,12439
1544,珠海,西安,1777,7,12439
1545,北京,呼和浩特,444,28,12432
1546,合肥,青岛,690,18,12420
1547,青岛,合肥,690,18,12420
1548,宁波,兰州,2070,6,12420
1549,济南,喀什,4134,3,12402
1550,哈尔滨,无锡,1764,7,12348
1551,无锡,哈尔滨,1764,7,12348
1552,大理,上海,1762,7,12334
1553,上海,大理,1762,7,12334
1554,常州,哈尔滨,1760,7,12320
1555,哈尔滨,常州,1760,7,12320
1556,西安,玉树,1760,7,12320
1557,齐齐哈尔,上海,2049,6,12294
1558,临沂,深圳,1756,7,12292
1559,深圳,临沂,1756,7,12292
1560,重庆,贵阳,351,35,12285
1561,沈阳,温州,1753,7,12271
1562,温州,沈阳,1753,7,12271
1563,重庆,运城,817,15,12255
1564,运城,重庆,817,15,12255
1565,南充,三亚,1360,9,12240
1566,嘉峪关,兰州,718,17,12206
1567,南宁,榆林,1743,7,12201
1568,阿克苏,北京,3049,4,12196
1569,北京,阿克苏,3049,4,12196
1570,重庆,丽江,1014,12,12168
1571,南通,福州,869,14,12166
1572,安庆,海口,1738,7,12166
1573,海口,安庆,1738,7,12166
1574,常州,深圳,1520,8,12160
1575,广州,邯郸,1519,8,12152
1576,邯郸,广州,1519,8,12152
1577,敦煌,西安,1518,8,12144
1578,西安,敦煌,1518,8,12144
1579,成都,东营,1517,8,12136
1580,东营,成都,1517,8,12136
1581,珠海,三亚,673,18,12114
1582,西安,桂林,1101,11,12111
1583,保山,广州,1730,7,12110
1584,三亚,衡阳,1007,12,12084
1585,贵阳,揭阳,1208,10,12080
1586,长春,合肥,1723,7,12061
1587,牡丹江,上海,2003,6,12018
1588,宁波,兴义,1712,7,11984
1589,兴义,宁波,1712,7,11984
1590,贵阳,无锡,1710,7,11970
1591,无锡,贵阳,1710,7,11970
1592,北海,杭州,1706,7,11942
1593,杭州,北海,1706,7,11942
1594,北京,乌兰浩特,915,13,11895
1595,乌兰浩特,北京,915,13,11895
1596,广州,襄阳(中国),1185,10,11850
1597,海拉尔,天津,1688,7,11816
1598,重庆,鄂尔多斯,1471,8,11768
1599,鄂尔多斯,重庆,1471,8,11768
1600,成都,克拉玛依,2351,5,11755
1601,克拉玛依,成都,2351,5,11755
1602,恩施,上海,1175,10,11750
1603,上海,恩施,1175,10,11750
1604,宁波,昆明,1948,6,11688
1605,呼和浩特,巴彦淖尔,555,21,11655
1606,南宁,温州,1663,7,11641
1607,兰州,南通,1661,7,11627
1608,南通,兰州,1661,7,11627
1609,长沙,宁波,830,14,11620
1610,宁波,长沙,830,14,11620
1611,昆明,宜春,1660,7,11620
1612,成都,西双版纳,1161,10,11610
1613,重庆,呼和浩特,1450,8,11600
1614,呼和浩特,重庆,1450,8,11600
1615,宁波,银川,1931,6,11586
1616,银川,宁波,1931,6,11586
1617,福州,运城,1279,9,11511
1618,运城,福州,1279,9,11511
1619,珠海,海口,460,25,11500
1620,包头,杭州,1642,7,11494
1621,杭州,包头,1642,7,11494
1622,临沂,南宁,1913,6,11478
1623,上海,延安,1639,7,11473
1624,延安,上海,1639,7,11473
1625,南阳,深圳,1271,9,11439
1626,大理,广州,1632,7,11424
1627,广州,大理,1632,7,11424
1628,太原,温州,1629,7,11403
1629,温州,太原,1629,7,11403
1630,朝阳,上海,1628,7,11396
1631,杭州,兴义,1628,7,11396
1632,上海,朝阳,1628,7,11396
1633,兴义,杭州,1628,7,11396
1634,青岛,长白山,1626,7,11382
1635,三亚,唐山,2843,4,11372
1636,兰州,南昌,1621,7,11347
1637,南昌,兰州,1621,7,11347
1638,赤峰,上海,1620,7,11340
1639,上海,赤峰,1620,7,11340
1640,沈阳,扬州,1620,7,11340
1641,烟台,成都,1882,6,11292
1642,长沙,张家界,402,28,11256
1643,张家界,长沙,402,28,11256
1644,赣州,昆明,1600,7,11200
1645,邯郸,深圳,1600,7,11200
1646,昆明,赣州,1600,7,11200
1647,深圳,邯郸,1600,7,11200
1648,南充,上海,1598,7,11186
1649,上海,南充,1598,7,11186
1650,青岛,遵义,1594,7,11158
1651,丽江,重庆,1014,11,11154
1652,北京,丹东,849,13,11037
1653,丹东,北京,849,13,11037
1654,鄂尔多斯,乌鲁木齐,2205,5,11025
1655,北京,满洲里,1574,7,11018
1656,南通,哈尔滨,1572,7,11004
1657,沈阳,运城,1373,8,10984
1658,运城,沈阳,1373,8,10984
1659,天津,南昌,1370,8,10960
1660,上海,襄阳(中国),1095,10,10950
1661,珠海,义乌,1367,8,10936
1662,上海,张家界,1366,8,10928
1663,张家界,上海,1366,8,10928
1664,上海,通辽,2185,5,10925
1665,通辽,上海,2185,5,10925
1666,成都,盐城,1559,7,10913
1667,盐城,成都,1559,7,10913
1668,长春,鄂尔多斯,1556,7,10892
1669,鄂尔多斯,长春,1556,7,10892
1670,成都,扬州,1550,7,10850
1671,成都,伊宁,3614,3,10842
1672,大连,牡丹江,978,11,10758
1673,牡丹江,大连,978,11,10758
1674,深圳,盐城,1342,8,10736
1675,盐城,深圳,1342,8,10736
1676,上海,广元,1530,7,10710
1677,成都,喀什,3569,3,10707
1678,西昌,重庆,592,18,10656
1679,深圳,常州,1520,7,10640
1680,绵阳,南京,1517,7,10619
1681,宜昌,福州,1057,10,10570
1682,北京,台州,1510,7,10570
1683,鄂尔多斯,乌兰浩特,1321,8,10568
1684,乌兰浩特,鄂尔多斯,1321,8,10568
1685,武汉,宁波,754,14,10556
1686,贵阳,南通,1506,7,10542
1687,南通,贵阳,1506,7,10542
1688,伊宁,成都,3514,3,10542
1689,上海,遵义,1503,7,10521
1690,杭州,毕节,1501,7,10507
1691,昆明,遵义,750,14,10500
1692,北京,井冈山,1500,7,10500
1693,井冈山,北京,1500,7,10500
1694,南昌,银川,1500,7,10500
1695,沈阳,淮安,1500,7,10500
1696,银川,南昌,1500,7,10500
1697,广州,临沂,1498,7,10486
1698,临沂,广州,1498,7,10486
1699,敦煌,兰州,1048,10,10480
1700,广州,宜春,499,21,10479
1701,北京,南充,1496,7,10472
1702,南充,北京,1496,7,10472
1703,西双版纳,成都,1161,9,10449
1704,贵阳,盐城,1491,7,10437
1705,盐城,贵阳,1491,7,10437
1706,银川,天津,1159,9,10431
1707,运城,北京,744,14,10416
1708,南京,揭阳,1154,9,10386
1709,青岛,郑州,741,14,10374
1710,郑州,青岛,741,14,10374
1711,丹东,深圳,2592,4,10368
1712,深圳,丹东,2592,4,10368
1713,广州,洛阳,1480,7,10360
1714,乌鲁木齐,无锡,3446,3,10338
1715,无锡,乌鲁木齐,3446,3,10338
1716,景德镇,上海,490,21,10290
1717,西安,武汉,735,14,10290
1718,武汉,西宁,1460,7,10220
1719,西宁,武汉,1460,7,10220
1720,合肥,郑州,486,21,10206
1721,郑州,合肥,486,21,10206
1722,杭州,运城,1273,8,10184
1723,运城,杭州,1273,8,10184
1724,长沙,丽江,1454,7,10178
1725,丽江,长沙,1454,7,10178
1726,深圳,运城,1454,7,10178
1727,运城,深圳,1454,7,10178
1728,重庆,南通,1450,7,10150
1729,南通,重庆,1450,7,10150
1730,重庆,林芝,1446,7,10122
1731,哈尔滨,临沂,1440,7,10080
1732,临沂,哈尔滨,1440,7,10080
1733,台州,北京,1439,7,10073
1734,广州,牡丹江,3357,3,10071
1735,牡丹江,广州,3357,3,10071
1736,广州,舟山,1438,7,10066
1737,舟山,广州,1438,7,10066
1738,恩施,武汉,479,21,10059
1739,丽江,徐州,2513,4,10052
1740,徐州,丽江,2513,4,10052
1741,重庆,黄山,1254,8,10032
1742,黄山,重庆,1254,8,10032
1743,兰州,拉萨,1671,6,10026
1744,黄山,郑州,715,14,10010
1745,郑州,黄山,715,14,10010
1746,天津,通辽,1000,10,10000
1747,通辽,天津,1000,10,10000
1748,广州,锦州,2500,4,10000
1749,锦州,广州,2500,4,10000
1750,天津,丽江,2500,4,10000
1751,恩施,北京,1428,7,9996
1752,丹东,上海,1248,8,9984
1753,上海,丹东,1248,8,9984
1754,南通,太原,1245,8,9960
1755,太原,南通,1245,8,9960
1756,上海,西双版纳,2490,4,9960
1757,福州,三亚,1420,7,9940
1758,三亚,福州,1420,7,9940
1759,广州,淮安,1417,7,9919
1760,北京,攀枝花,2477,4,9908
1761,攀枝花,北京,2477,4,9908
1762,哈尔滨,邯郸,1414,7,9898
1763,邯郸,哈尔滨,1414,7,9898
1764,北京,鸡西,1412,7,9884
1765,鸡西,北京,1412,7,9884
1766,大连,郑州,988,10,9880
1767,郑州,大连,988,10,9880
1768,南通,沈阳,1408,7,9856
1769,北京,广元,1405,7,9835
1770,达州,深圳,1404,7,9828
1771,深圳,达州,1404,7,9828
1772,昆明,拉萨,1963,5,9815
1773,拉萨,昆明,1963,5,9815
1774,潍坊,深圳,1635,6,9810
1775,沈阳,长白山,700,14,9800
1776,广州,盐城,1400,7,9800
1777,哈尔滨,呼和浩特,1400,7,9800
1778,呼和浩特,哈尔滨,1400,7,9800
1779,深圳,腾冲,1400,7,9800
1780,盐城,广州,1400,7,9800
1781,上海,鞍山,1397,7,9779
1782,长沙,珠海,751,13,9763
1783,珠海,长沙,751,13,9763
1784,成都,济宁,1390,7,9730
1785,济宁,成都,1390,7,9730
1786,厦门,武夷山,360,27,9720
1787,北京,南通,1080,9,9720
1788,广州,景德镇,809,12,9708
1789,成都,黄山,1617,6,9702
1790,黄山,成都,1617,6,9702
1791,南充,天津,1385,7,9695
1792,天津,南充,1385,7,9695
1793,杭州,广元,1615,6,9690
1794,海口,珠海,460,21,9660
1795,天津,凯里,1606,6,9636
1796,青岛,银川,1374,7,9618
1797,银川,青岛,1374,7,9618
1798,西安,惠州,1373,7,9611
1799,兴义,上海,2400,4,9600
1800,南昌,天津,1370,7,9590
1801,天津,揭阳,1918,5,9590
1802,义乌,珠海,1367,7,9569
1803,福州,南通,869,11,9559
1804,成都,湛江,1355,7,9485
1805,湛江,成都,1355,7,9485
1806,广州,运城,1354,7,9478
1807,运城,广州,1354,7,9478
1808,杭州,襄阳(中国),1053,9,9477
1809,大连,呼和浩特,1184,8,9472
1810,呼和浩特,大连,1184,8,9472
1811,兰州,哈尔滨,2366,4,9464
1812,长春,威海,860,11,9460
1813,重庆,徐州,1350,7,9450
1814,天津,兰州,1350,7,9450
1815,徐州,重庆,1350,7,9450
1816,广州,乌海,2361,4,9444
1817,乌海,广州,2361,4,9444
1818,北海,贵阳,629,15,9435
1819,海口,柳州,496,19,9424
1820,柳州,海口,496,19,9424
1821,海口,张家口,2354,4,9416
1822,海拉尔,加格达奇,335,28,9380
1823,赤峰,杭州,1339,7,9373
1824,杭州,赤峰,1339,7,9373
1825,福州,武汉,780,12,9360
1826,长治,海口,2327,4,9308
1827,海口,长治,2327,4,9308
1828,成都,惠州,1326,7,9282
1829,武汉,北海,1160,8,9280
1830,南充,南宁,927,10,9270
1831,南宁,南充,927,10,9270
1832,拉萨,林芝,440,21,9240
1833,西安,阿拉善左旗,616,15,9240
1834,济南,丽江,3077,3,9231
1835,杭州,珠海,1317,7,9219
1836,佳木斯,深圳,3073,3,9219
1837,深圳,佳木斯,3073,3,9219
1838,合肥,珠海,1151,8,9208
1839,福州,拉萨,3066,3,9198
1840,北京,吐鲁番,2299,4,9196
1841,成都,井冈山,1312,7,9184
1842,井冈山,成都,1312,7,9184
1843,长沙,大理,1311,7,9177
1844,大理,长沙,1311,7,9177
1845,深圳,西昌,1311,7,9177
1846,西昌,深圳,1311,7,9177
1847,拉萨,宜宾,2294,4,9176
1848,宜宾,拉萨,2294,4,9176
1849,长春,呼和浩特,1309,7,9163
1850,呼和浩特,长春,1309,7,9163
1851,临沂,厦门,1308,7,9156
1852,厦门,临沂,1308,7,9156
1853,恩施,广州,1304,7,9128
1854,广州,恩施,1304,7,9128
1855,牡丹江,青岛,1303,7,9121
1856,攀枝花,成都,700,13,9100
1857,沈阳,南通,1300,7,9100
1858,广州,榆林,2264,4,9056
1859,榆林,广州,2264,4,9056
1860,乌海,西安,904,10,9040
1861,西安,乌海,904,10,9040
1862,哈尔滨,西宁,2259,4,9036
1863,西宁,哈尔滨,2259,4,9036
1864,攀枝花,深圳,1290,7,9030
1865,深圳,攀枝花,1290,7,9030
1866,贵阳,呼和浩特,1801,5,9005
1867,呼和浩特,贵阳,1801,5,9005
1868,乌鲁木齐,库车,643,14,9002
1869,保山,北京,3000,3,9000
1870,北京,保山,3000,3,9000
1871,深圳,宜宾,1285,7,8995
1872,宜宾,深圳,1285,7,8995
1873,天津,舟山,1118,8,8944
1874,舟山,天津,1118,8,8944
1875,呼和浩特,西安,894,10,8940
1876,兰州,武汉,1275,7,8925
1877,杭州,大庆,2230,4,8920
1878,伊宁,西安,2960,3,8880
1879,锦州,上海,1267,7,8869
1880,上海,锦州,1267,7,8869
1881,武汉,银川,1263,7,8841
1882,银川,武汉,1263,7,8841
1883,昆明,香格里拉,552,16,8832
1884,哈尔滨,威海,1100,8,8800
1885,哈尔滨,黑河,515,17,8755
1886,黑河,哈尔滨,515,17,8755
1887,包头,武汉,1249,7,8743
1888,武汉,包头,1249,7,8743
1889,连云港,乌鲁木齐,2912,3,8736
1890,乌鲁木齐,连云港,2912,3,8736
1891,深圳,银川,2176,4,8704
1892,银川,深圳,2176,4,8704
1893,南宁,三亚,620,14,8680
1894,三亚,南宁,620,14,8680
1895,北京,济南,412,21,8652
1896,广州,鞍山,2163,4,8652
1897,广州,南充,1233,7,8631
1898,齐齐哈尔,深圳,2875,3,8625
1899,深圳,齐齐哈尔,2875,3,8625
1900,天津,乌兰浩特,862,10,8620
1901,乌兰浩特,天津,862,10,8620
1902,包头,沈阳,1228,7,8596
1903,沈阳,包头,1228,7,8596
1904,西安,毕节,859,10,8590
1905,青岛,延吉,1223,7,8561
1906,兰州,福州,2138,4,8552
1907,赣州,上海,854,10,8540
1908,上海,赣州,854,10,8540
1909,厦门,三亚,1220,7,8540
1910,南阳,广州,1215,7,8505
1911,宁波,西宁,2113,4,8452
1912,西宁,宁波,2113,4,8452
1913,宁波,铜仁,1204,7,8428
1914,铜仁,宁波,1204,7,8428
1915,呼和浩特,沈阳,1051,8,8408
1916,沈阳,呼和浩特,1051,8,8408
1917,沈阳,洛阳,1400,6,8400
1918,北京,长白山,1196,7,8372
1919,大同,武汉,1194,7,8358
1920,武汉,大同,1194,7,8358
1921,天津,遵义,2089,4,8356
1922,临沂,烟台,417,20,8340
1923,烟台,临沂,417,20,8340
1924,昆明,台州,2082,4,8328
1925,台州,昆明,2082,4,8328
1926,香格里拉,昆明,552,15,8280
1927,烟台,延吉,1180,7,8260
1928,延吉,烟台,1180,7,8260
1929,包头,上海,1650,5,8250
1930,上海,包头,1650,5,8250
1931,广州,泸州,1178,7,8246
1932,泸州,广州,1178,7,8246
1933,重庆,台州,1647,5,8235
1934,台州,重庆,1647,5,8235
1935,西安,盐城,1172,7,8204
1936,盐城,西安,1172,7,8204
1937,三亚,扬州,2050,4,8200
1938,运城,昆明,1365,6,8190
1939,深圳,潍坊,1635,5,8175
1940,三亚,南充,1360,6,8160
1941,郑州,义乌,1017,8,8136
1942,连云港,石家庄,581,14,8134
1943,石家庄,连云港,581,14,8134
1944,广州,宜宾,1160,7,8120
1945,宜宾,广州,1160,7,8120
1946,上海,惠州,1158,7,8106
1947,武汉,揭阳,900,9,8100
1948,景德镇,广州,809,10,8090
1949,武汉,西安,735,11,8085
1950,成都,大庆,2684,3,8052
1951,大庆,成都,2684,3,8052
1952,铜仁,无锡,1147,7,8029
1953,无锡,铜仁,1147,7,8029
1954,昆明,普洱,321,25,8025
1955,兰州,张掖,729,11,8019
1956,福州,徐州,1143,7,8001
1957,厦门,淮安,1143,7,8001
1958,徐州,福州,1143,7,8001
1959,上海,黎平,1600,5,8000
1960,阜阳,海口,2000,4,8000
1961,海口,阜阳,2000,4,8000
1962,成都,腾冲,1140,7,7980
1963,贵阳,榆林,1330,6,7980
1964,榆林,贵阳,1330,6,7980
1965,常州,昆明,1981,4,7924
1966,昆明,常州,1981,4,7924
1967,杭州,通辽,1971,4,7884
1968,通辽,杭州,1971,4,7884
1969,深圳,兴义,1120,7,7840
1970,兴义,深圳,1120,7,7840
1971,济南,太原,653,12,7836
1972,太原,济南,653,12,7836
1973,北京,鞍山,651,12,7812
1974,大庆,三亚,2600,3,7800
1975,三亚,大庆,2600,3,7800
1976,杭州,宜宾,1945,4,7780
1977,宜宾,杭州,1945,4,7780
1978,上海,宜昌,1111,7,7777
1979,宜昌,上海,1111,7,7777
1980,呼和浩特,太原,370,21,7770
1981,太原,呼和浩特,370,21,7770
1982,哈尔滨,台州,1940,4,7760
1983,台州,哈尔滨,1940,4,7760
1984,长春,临沂,1106,7,7742
1985,临沂,长春,1106,7,7742
1986,南宁,厦门,1105,7,7735
1987,包头,昆明,1931,4,7724
1988,昆明,包头,1931,4,7724
1989,百色,桂林,482,16,7712
1990,桂林,百色,482,16,7712
1991,哈尔滨,乌鲁木齐,3852,2,7704
1992,乌鲁木齐,哈尔滨,3852,2,7704
1993,兰州,石家庄,1100,7,7700
1994,石家庄,兰州,1100,7,7700
1995,威海,哈尔滨,1100,7,7700
1996,西安,扬州,1100,7,7700
1997,深圳,南充,1283,6,7698
1998,大连,烟台,240,32,7680
1999,烟台,大连,240,32,7680
2000,大连,兰州,1918,4,7672
2001,兰州,大连,1918,4,7672
2002,北海,丽江,1094,7,7658
2003,丽江,北海,1094,7,7658
2004,长春,常州,1913,4,7652
2005,常州,长春,1913,4,7652
2006,上海,万州,1529,5,7645
2007,万州,上海,1529,5,7645
2008,青岛,石家庄,635,12,7620
2009,温州,西宁,2540,3,7620
2010,西宁,温州,2540,3,7620
2011,运城,天津,845,9,7605
2012,兰州,沈阳,1900,4,7600
2013,沈阳,兰州,1900,4,7600
2014,南昌,南京,583,13,7579
2015,南京,南昌,583,13,7579
2016,安庆,北京,1082,7,7574
2017,北京,安庆,1082,7,7574
2018,包头,青岛,1261,6,7566
2019,呼和浩特,南京,1261,6,7566
2020,南京,呼和浩特,1261,6,7566
2021,青岛,包头,1261,6,7566
2022,武夷山,厦门,360,21,7560
2023,宜昌,兰州,945,8,7560
2024,厦门,徐州,1074,7,7518
2025,徐州,厦门,1074,7,7518
2026,阜阳,广州,1072,7,7504
2027,广州,阜阳,1072,7,7504
2028,深圳,台州,1070,7,7490
2029,台州,深圳,1070,7,7490
2030,邯郸,厦门,1497,5,7485
2031,厦门,邯郸,1497,5,7485
2032,温州,郑州,1245,6,7470
2033,昆明,淮安,1863,4,7452
2034,杭州,揭阳,930,8,7440
2035,成都,连云港,1859,4,7436
2036,连云港,成都,1859,4,7436
2037,喀什,西安,3700,2,7400
2038,柳州,厦门,1056,7,7392
2039,厦门,柳州,1056,7,7392
2040,北京,昭通,1844,4,7376
2041,昭通,北京,1844,4,7376
2042,恩施,杭州,1053,7,7371
2043,杭州,恩施,1053,7,7371
2044,大连,齐齐哈尔,1048,7,7336
2045,大连,合肥,1045,7,7315
2046,济南,珠海,1826,4,7304
2047,珠海,济南,1826,4,7304
2048,杭州,南阳,1043,7,7301
2049,南阳,杭州,1043,7,7301
2050,北海,长沙,1042,7,7294
2051,长沙,北海,1042,7,7294
2052,大连,无锡,1037,7,7259
2053,无锡,大连,1037,7,7259
2054,桂林,西宁,2392,3,7176
2055,西宁,桂林,2392,3,7176
2056,大连,太原,1194,6,7164
2057,太原,大连,1194,6,7164
2058,南宁,深圳,651,11,7161
2059,深圳,南宁,651,11,7161
2060,长沙,南通,1022,7,7154
2061,南通,长沙,1022,7,7154
2062,贵阳,珠海,1018,7,7126
2063,珠海,贵阳,1018,7,7126
2064,北京,赤峰,338,21,7098
2065,赤峰,北京,338,21,7098
2066,大连,遵义,2363,3,7089
2067,深圳,毕节,1417,5,7085
2068,温州,南通,505,14,7070
2069,郑州,凯里,1008,7,7056
2070,西安,襄阳(中国),503,14,7042
2071,海口,淮安,1758,4,7032
2072,榆林,天津,780,9,7020
2073,长沙,铜仁,501,14,7014
2074,铜仁,长沙,501,14,7014
2075,昆明,毕节,637,11,7007
2076,井冈山,西安,1000,7,7000
2077,天津,长白山,1000,7,7000
2078,西安,井冈山,1000,7,7000
2079,洛阳,沈阳,1400,5,7000
2080,哈尔滨,扬州,1750,4,7000
2081,绵阳,郑州,999,7,6993
2082,郑州,绵阳,999,7,6993
2083,湛江,郑州,1748,4,6992
2084,郑州,湛江,1748,4,6992
2085,太原,无锡,998,7,6986
2086,无锡,太原,998,7,6986
2087,杭州,惠州,995,7,6965
2088,宁波,潍坊,993,7,6951
2089,潍坊,宁波,993,7,6951
2090,梅县,广州,330,21,6930
2091,杭州,威海,990,7,6930
2092,威海,杭州,990,7,6930
2093,上海,伊春,2308,3,6924
2094,伊春,上海,2308,3,6924
2095,赣州,重庆,1150,6,6900
2096,呼和浩特,兰州,985,7,6895
2097,兰州,呼和浩特,985,7,6895
2098,长治,上海,983,7,6881
2099,上海,长治,983,7,6881
2100,赣州,海口,982,7,6874
2101,海口,赣州,982,7,6874
2102,呼和浩特,济南,981,7,6867
2103,济南,呼和浩特,981,7,6867
2104,南通,厦门,980,7,6860
2105,厦门,南通,980,7,6860
2106,银川,张家界,1713,4,6852
2107,张家界,银川,1713,4,6852
2108,丽江,南宁,976,7,6832
2109,南宁,丽江,976,7,6832
2110,临沂,长沙,1137,6,6822
2111,常州,银川,1700,4,6800
2112,银川,常州,1700,4,6800
2113,成都,南阳,969,7,6783
2114,南阳,成都,969,7,6783
2115,大同,厦门,2258,3,6774
2116,厦门,大同,2258,3,6774
2117,喀什,郑州,3386,2,6772
2118,郑州,喀什,3386,2,6772
2119,大同,海口,2250,3,6750
2120,上海,中卫,1686,4,6744
2121,深圳,池州,962,7,6734
2122,南通,温州,480,14,6720
2123,哈密,上海,3359,2,6718
2124,上海,哈密,3359,2,6718
2125,衢州,深圳,957,7,6699
2126,深圳,衢州,957,7,6699
2127,三亚,台州,1671,4,6684
2128,台州,三亚,1671,4,6684
2129,成都,洛阳,953,7,6671
2130,洛阳,成都,953,7,6671
2131,洛阳,上海,953,7,6671
2132,上海,洛阳,953,7,6671
2133,呼和浩特,北京,444,15,6660
2134,广州,黄山,951,7,6657
2135,黄山,广州,951,7,6657
2136,合肥,襄阳(中国),475,14,6650
2137,西安,西昌,950,7,6650
2138,西昌,西安,950,7,6650
2139,杭州,洛阳,948,7,6636
2140,洛阳,杭州,948,7,6636
2141,武汉,运城,737,9,6633
2142,运城,武汉,737,9,6633
2143,西安,金昌,945,7,6615
2144,青岛,太原,943,7,6601
2145,太原,青岛,943,7,6601
2146,昆明,大理,275,24,6600
2147,广州,梅县,330,20,6600
2148,乌鲁木齐,中卫,1646,4,6584
2149,杭州,宜昌,940,7,6580
2150,宜昌,杭州,940,7,6580
2151,大连,锡林浩特,820,8,6560
2152,锡林浩特,大连,820,8,6560
2153,广州,佳木斯,3277,2,6554
2154,佳木斯,广州,3277,2,6554
2155,济宁,南宁,1635,4,6540
2156,南宁,济宁,1635,4,6540
2157,鸡西,上海,2175,3,6525
2158,上海,鸡西,2175,3,6525
2159,包头,成都,1630,4,6520
2160,成都,包头,1630,4,6520
2161,保山,杭州,2172,3,6516
2162,杭州,保山,2172,3,6516
2163,广州,唐山,2169,3,6507
2164,贵阳,南昌,928,7,6496
2165,南昌,贵阳,928,7,6496
2166,绵阳,沈阳,2159,3,6477
2167,沈阳,绵阳,2159,3,6477
2168,太原,合肥,808,8,6464
2169,广州,齐齐哈尔,3231,2,6462
2170,齐齐哈尔,广州,3231,2,6462
2171,成都,柳州,921,7,6447
2172,柳州,成都,921,7,6447
2173,西安,池州,921,7,6447
2174,大连,南通,920,7,6440
2175,南通,大连,920,7,6440
2176,上海,盐城,459,14,6426
2177,盐城,上海,459,14,6426
2178,临沂,沈阳,918,7,6426
2179,沈阳,临沂,918,7,6426
2180,舟山,揭阳,918,7,6426
2181,格尔木,西宁,642,10,6420
2182,西宁,格尔木,642,10,6420
2183,哈尔滨,徐州,1605,4,6420
2184,徐州,哈尔滨,1605,4,6420
2185,福州,衡阳,713,9,6417
2186,杭州,锦州,1600,4,6400
2187,锦州,杭州,1600,4,6400
2188,武汉,兴义,1600,4,6400
2189,兴义,武汉,1600,4,6400
2190,天水,西安,457,14,6398
2191,西安,天水,457,14,6398
2192,广州,烟台,2132,3,6396
2193,烟台,广州,2132,3,6396
2194,兴义,重庆,710,9,6390
2195,成都,普洱,912,7,6384
2196,保山,昆明,373,17,6341
2197,昆明,保山,373,17,6341
2198,成都,乌海,1055,6,6330
2199,乌海,成都,1055,6,6330
2200,海口,井冈山,900,7,6300
2201,井冈山,海口,900,7,6300
2202,贵阳,西双版纳,899,7,6293
2203,西双版纳,贵阳,899,7,6293
2204,常州,大连,898,7,6286
2205,大连,常州,898,7,6286
2206,天津,北海,2095,3,6285
2207,长沙,榆林,1571,4,6284
2208,榆林,长沙,1571,4,6284
2209,沈阳,银川,1570,4,6280
2210,银川,沈阳,1570,4,6280
2211,广州,铜仁,784,8,6272
2212,铜仁,广州,784,8,6272
2213,烟台,郑州,896,7,6272
2214,郑州,烟台,896,7,6272
2215,烟台,长春,895,7,6265
2216,杭州,呼和浩特,1565,4,6260
2217,呼和浩特,杭州,1565,4,6260
2218,包头,乌鲁木齐,2085,3,6255
2219,乌鲁木齐,包头,2085,3,6255
2220,天津,榆林,780,8,6240
2221,昆明,南充,890,7,6230
2222,南充,昆明,890,7,6230
2223,西安,南充,689,9,6201
2224,天津,南通,1031,6,6186
2225,义乌,揭阳,769,8,6152
2226,安庆,昆明,1538,4,6152
2227,昆明,安庆,1538,4,6152
2228,厦门,湛江,878,7,6146
2229,湛江,厦门,878,7,6146
2230,海口,泸州,1536,4,6144
2231,泸州,海口,1536,4,6144
2232,深圳,广元,2047,3,6141
2233,大庆,西安,2040,3,6120
2234,西安,大庆,2040,3,6120
2235,南通,郑州,870,7,6090
2236,深圳,张家界,870,7,6090
2237,张家界,深圳,870,7,6090
2238,大连,扬州,867,7,6069
2239,保山,深圳,1515,4,6060
2240,井冈山,上海,860,7,6020
2241,上海,井冈山,860,7,6020
2242,威海,长春,860,7,6020
2243,海口,临沂,2000,3,6000
2244,临沂,海口,2000,3,6000
2245,北京,榆林,857,7,5999
2246,榆林,北京,857,7,5999
2247,北京,东营,460,13,5980
2248,东营,北京,460,13,5980
2249,景德镇,深圳,854,7,5978
2250,贵阳,徐州,1492,4,5968
2251,徐州,贵阳,1492,4,5968
2252,重庆,衡阳,663,9,5967
2253,北海,昆明,848,7,5936
2254,昆明,北海,848,7,5936
2255,福州,兴义,1480,4,5920
2256,兴义,福州,1480,4,5920
2257,西宁,杭州,1965,3,5895
2258,北京,洛阳,735,8,5880
2259,北京,淮安,836,7,5852
2260,贵阳,宜昌,836,7,5852
2261,宜昌,贵阳,836,7,5852
2262,大同,昆明,1948,3,5844
2263,昆明,大同,1948,3,5844
2264,太原,盐城,834,7,5838
2265,盐城,太原,834,7,5838
2266,南京,威海,833,7,5831
2267,威海,南京,833,7,5831
2268,柳州,武汉,830,7,5810
2269,大连,洛阳,1162,5,5810
2270,大理,昆明,275,21,5775
2271,三亚,遵义,1443,4,5772
2272,成都,运城,821,7,5747
2273,运城,成都,821,7,5747
2274,包头,哈尔滨,1435,4,5740
2275,哈尔滨,包头,1435,4,5740
2276,南宁,临沂,1913,3,5739
2277,北京,吕梁,717,8,5736
2278,桂林,临沂,1900,3,5700
2279,临沂,桂林,1900,3,5700
2280,威海,郑州,813,7,5691
2281,郑州,威海,813,7,5691
2282,成都,邯郸,1421,4,5684
2283,邯郸,成都,1421,4,5684
2284,长沙,温州,810,7,5670
2285,贵阳,万州,810,7,5670
2286,万州,贵阳,810,7,5670
2287,温州,长沙,810,7,5670
2288,郑州,南通,810,7,5670
2289,合肥,太原,808,7,5656
2290,上海,潍坊,807,7,5649
2291,潍坊,上海,807,7,5649
2292,大连,温州,1411,4,5644
2293,温州,大连,1411,4,5644
2294,哈尔滨,银川,1879,3,5637
2295,银川,哈尔滨,1879,3,5637
2296,长治,太原,175,32,5600
2297,太原,长治,175,32,5600
2298,长春,长白山,400,14,5600
2299,厦门,舟山,799,7,5593
2300,南京,毕节,1393,4,5572
2301,乌鲁木齐,那拉提,397,14,5558
2302,北京,香格里拉,2775,2,5550
2303,赣州,杭州,790,7,5530
2304,杭州,赣州,790,7,5530
2305,温州,遵义,1381,4,5524
2306,台州,武汉,788,7,5516
2307,武汉,台州,788,7,5516
2308,深圳,厦门,549,10,5490
2309,厦门,深圳,549,10,5490
2310,西安,吕梁,610,9,5490
2311,北京,连城,1826,3,5478
2312,绵阳,三亚,1825,3,5475
2313,南京,西宁,1825,3,5475
2314,三亚,绵阳,1825,3,5475
2315,西宁,南京,1825,3,5475
2316,东营,郑州,684,8,5472
2317,郑州,东营,684,8,5472
2318,常德,广州,780,7,5460
2319,鄂尔多斯,昆明,1812,3,5436
2320,昆明,鄂尔多斯,1812,3,5436
2321,北京,朝阳,387,14,5418
2322,大理,绵阳,773,7,5411
2323,昆明,张家界,773,7,5411
2324,绵阳,大理,773,7,5411
2325,张家界,昆明,773,7,5411
2326,西宁,银川,450,12,5400
2327,银川,西宁,450,12,5400
2328,海口,梅县,900,6,5400
2329,梅县,海口,900,6,5400
2330,常德,上海,1080,5,5400
2331,上海,常德,1080,5,5400
2332,兰州,丽江,1350,4,5400
2333,丽江,兰州,1350,4,5400
2334,成都,昌都,769,7,5383
2335,昌都,成都,769,7,5383
2336,天津,赤峰,487,11,5357
2337,常德,昆明,1069,5,5345
2338,昆明,常德,1069,5,5345
2339,沈阳,烟台,593,9,5337
2340,烟台,沈阳,593,9,5337
2341,海口,宜昌,1333,4,5332
2342,宜昌,海口,1333,4,5332
2343,黄山,上海,380,14,5320
2344,上海,黄山,380,14,5320
2345,广州,毕节,1327,4,5308
2346,福州,舟山,660,8,5280
2347,舟山,福州,660,8,5280
2348,长治,厦门,1760,3,5280
2349,厦门,长治,1760,3,5280
2350,昆明,柳州,752,7,5264
2351,柳州,昆明,752,7,5264
2352,南昌,烟台,1316,4,5264
2353,烟台,南昌,1316,4,5264
2354,天津,荔波,1753,3,5259
2355,北京,梅县,1745,3,5235
2356,梅县,北京,1745,3,5235
2357,南通,武汉,745,7,5215
2358,武汉,南通,745,7,5215
2359,包头,兰州,744,7,5208
2360,兰州,包头,744,7,5208
2361,大理,南宁,866,6,5196
2362,南宁,大理,866,6,5196
2363,合肥,长春,1723,3,5169
2364,济南,西昌,1719,3,5157
2365,西昌,济南,1719,3,5157
2366,洛阳,北京,735,7,5145
2367,绵阳,石家庄,1280,4,5120
2368,石家庄,绵阳,1280,4,5120
2369,包头,太原,426,12,5112
2370,太原,包头,426,12,5112
2371,丽江,揭阳,1702,3,5106
2372,海口,锦州,2553,2,5106
2373,锦州,海口,2553,2,5106
2374,长春,延吉,364,14,5096
2375,延吉,长春,364,14,5096
2376,厦门,遵义,1694,3,5082
2377,石家庄,青岛,635,8,5080
2378,鄂尔多斯,哈尔滨,1690,3,5070
2379,哈尔滨,鄂尔多斯,1690,3,5070
2380,赤峰,哈尔滨,724,7,5068
2381,哈尔滨,赤峰,724,7,5068
2382,黄山,襄阳(中国),630,8,5040
2383,百色,上海,1680,3,5040
2384,上海,百色,1680,3,5040
2385,阜阳,北京,839,6,5034
2386,拉萨,兰州,1671,3,5013
2387,延吉,重庆,2503,2,5006
2388,昌都,拉萨,715,7,5005
2389,拉萨,昌都,715,7,5005
2390,兰州,绵阳,625,8,5000
2391,邯郸,杭州,1250,4,5000
2392,杭州,邯郸,1250,4,5000
2393,石家庄,银川,833,6,4998
2394,银川,石家庄,833,6,4998
2395,太原,遵义,1243,4,4972
2396,乌兰浩特,阿尔山,261,19,4959
2397,桂林,兰州,1651,3,4953
2398,兰州,桂林,1651,3,4953
2399,成都,稻城,495,10,4950
2400,沈阳,义乌,1648,3,4944
2401,义乌,沈阳,1648,3,4944
2402,北京,连云港,705,7,4935
2403,连云港,北京,705,7,4935
2404,梅县,天津,1642,3,4926
2405,天津,梅县,1642,3,4926
2406,东营,佛山,1639,3,4917
2407,达州,上海,1638,3,4914
2408,上海,达州,1638,3,4914
2409,天津,万州,1228,4,4912
2410,万州,天津,1228,4,4912
2411,包头,天津,818,6,4908
2412,天津,包头,818,6,4908
2413,北京,中卫,1226,4,4904
2414,昆明,临沧,350,14,4900
2415,临沧,昆明,350,14,4900
2416,北京,鄂尔多斯,700,7,4900
2417,鄂尔多斯,北京,700,7,4900
2418,沈阳,潍坊,700,7,4900
2419,潍坊,沈阳,700,7,4900
2420,北海,成都,1216,4,4864
2421,成都,北海,1216,4,4864
2422,北京,二连浩特,690,7,4830
2423,北京,通化,961,5,4805
2424,三亚,柳州,686,7,4802
2425,赤峰,海拉尔,1200,4,4800
2426,杭州,绵阳,1600,3,4800
2427,绵阳,杭州,1600,3,4800
2428,杭州,临沂,682,7,4774
2429,临沂,杭州,682,7,4774
2430,青岛,无锡,680,7,4760
2431,无锡,青岛,680,7,4760
2432,昆明,凯里,679,7,4753
2433,成都,常州,1583,3,4749
2434,沈阳,威海,676,7,4732
2435,威海,沈阳,676,7,4732
2436,南宁,荔波,315,15,4725
2437,西宁,玉树,670,7,4690
2438,福州,凯里,1170,4,4680
2439,南京,遵义,1555,3,4665
2440,北京,长治,665,7,4655
2441,北京,临沂,665,7,4655
2442,长治,北京,665,7,4655
2443,西安,淮安,1161,4,4644
2444,北海,武汉,1160,4,4640
2445,上海,固原,1545,3,4635
2446,珠海,合肥,1151,4,4604
2447,厦门,襄阳(中国),1150,4,4600
2448,重庆,淮安,1530,3,4590
2449,杭州,凯里,1523,3,4569
2450,杭州,张家界,1135,4,4540
2451,张家界,杭州,1135,4,4540
2452,长沙,腾冲,1511,3,4533
2453,景德镇,昆明,1508,3,4524
2454,昆明,景德镇,1508,3,4524
2455,北京,通辽,646,7,4522
2456,通辽,北京,646,7,4522
2457,长沙,兰州,1505,3,4515
2458,成都,张家口,1505,3,4515
2459,兰州,长沙,1505,3,4515
2460,哈密,郑州,2253,2,4506
2461,郑州,哈密,2253,2,4506
2462,阿勒泰,乌鲁木齐,450,10,4500
2463,湛江,揭阳,750,6,4500
2464,包头,深圳,2250,2,4500
2465,兰州,金昌,447,10,4470
2466,柳州,珠海,745,6,4470
2467,珠海,柳州,745,6,4470
2468,杭州,铜仁,1114,4,4456
2469,铜仁,杭州,1114,4,4456
2470,鸡西,青岛,1482,3,4446
2471,青岛,鸡西,1482,3,4446
2472,西安,湛江,1475,3,4425
2473,湛江,西安,1475,3,4425
2474,拉萨,南充,1469,3,4407
2475,南充,拉萨,1469,3,4407
2476,桂林,厦门,881,5,4405
2477,厦门,桂林,881,5,4405
2478,天津,郑州,629,7,4403
2479,郑州,天津,629,7,4403
2480,北京,黑河,1465,3,4395
2481,黑河,北京,1465,3,4395
2482,哈尔滨,海拉尔,627,7,4389
2483,海拉尔,哈尔滨,627,7,4389
2484,绵阳,兰州,625,7,4375
2485,天津,铜仁,1452,3,4356
2486,铜仁,天津,1452,3,4356
2487,南昌,厦门,542,8,4336
2488,厦门,南昌,542,8,4336
2489,成都,兴义,617,7,4319
2490,兴义,成都,617,7,4319
2491,哈尔滨,唐山,1078,4,4312
2492,哈尔滨,长白山,615,7,4305
2493,兰州,连云港,1430,3,4290
2494,连云港,兰州,1430,3,4290
2495,成都,遵义,612,7,4284
2496,佳木斯,上海,2139,2,4278
2497,上海,佳木斯,2139,2,4278
2498,常德,深圳,853,5,4265
2499,深圳,常德,853,5,4265
2500,朝阳,北京,387,11,4257
2501,北海,广州,606,7,4242
2502,广州,北海,606,7,4242
2503,大庆,烟台,530,8,4240
2504,汉中,上海,1412,3,4236
2505,上海,汉中,1412,3,4236
2506,南通,青岛,603,7,4221
2507,北京,伊春,1407,3,4221
2508,伊春,北京,1407,3,4221
2509,贵阳,荔波,280,15,4200
2510,郑州,襄阳(中国),300,14,4200
2511,西安,烟台,1400,3,4200
2512,烟台,西安,1400,3,4200
2513,大连,银川,1399,3,4197
2514,北海,天津,2095,2,4190
2515,桂林,张家界,598,7,4186
2516,张家界,桂林,598,7,4186
2517,南昌,宁波,592,7,4144
2518,成都,鞍山,2072,2,4144
2519,杭州,南充,1380,3,4140
2520,南充,杭州,1380,3,4140
2521,南充,西安,689,6,4134
2522,西安,宜昌,688,6,4128
2523,宜昌,西安,688,6,4128
2524,恩施,深圳,1372,3,4116
2525,深圳,恩施,1372,3,4116
2526,上海,铜仁,1369,3,4107
2527,西安,唐山,1026,4,4104
2528,大连,临沂,585,7,4095
2529,临沂,大连,585,7,4095
2530,洛阳,昆明,1365,3,4095
2531,重庆,襄阳(中国),680,6,4080
2532,北京,潍坊,582,7,4074
2533,潍坊,北京,582,7,4074
2534,南京,铜仁,1017,4,4068
2535,铜仁,南京,1017,4,4068
2536,长沙,大庆,1354,3,4062
2537,大庆,长沙,1354,3,4062
2538,长治,天津,580,7,4060
2539,天津,长治,580,7,4060
2540,深圳,舟山,1352,3,4056
2541,舟山,深圳,1352,3,4056
2542,桂林,西双版纳,1013,4,4052
2543,西双版纳,桂林,1013,4,4052
2544,乌鲁木齐,阿勒泰,450,9,4050
2545,呼和浩特,石家庄,404,10,4040
2546,石家庄,呼和浩特,404,10,4040
2547,盐城,昆明,2013,2,4026
2548,北海,深圳,574,7,4018
2549,深圳,北海,574,7,4018
2550,汉中,深圳,1335,3,4005
2551,深圳,汉中,1335,3,4005
2552,临沂,上海,572,7,4004
2553,柳州,深圳,572,7,4004
2554,上海,临沂,572,7,4004
2555,深圳,柳州,572,7,4004
2556,泸州,南京,1334,3,4002
2557,南京,泸州,1334,3,4002
2558,成都,玉树,1000,4,4000
2559,玉树,成都,1000,4,4000
2560,广州,林芝,2000,2,4000
2561,景德镇,厦门,496,8,3968
2562,厦门,景德镇,496,8,3968
2563,武汉,义乌,660,6,3960
2564,临沂,温州,987,4,3948
2565,温州,临沂,987,4,3948
2566,成都,格尔木,1315,3,3945
2567,格尔木,成都,1315,3,3945
2568,百色,天津,1970,2,3940
2569,天津,百色,1970,2,3940
2570,包头,石家庄,560,7,3920
2571,桂林,徐州,1304,3,3912
2572,徐州,桂林,1304,3,3912
2573,天津,通化,781,5,3905
2574,长春,连云港,1300,3,3900
2575,连云港,长春,1300,3,3900
2576,南京,万州,1300,3,3900
2577,万州,南京,1300,3,3900
2578,赤峰,天津,487,8,3896
2579,呼和浩特,乌海,556,7,3892
2580,乌海,呼和浩特,556,7,3892
2581,西安,遵义,972,4,3888
2582,满洲里,通辽,1281,3,3843
2583,通辽,满洲里,1281,3,3843
2584,济南,齐齐哈尔,1279,3,3837
2585,齐齐哈尔,济南,1279,3,3837
2586,南宁,惠州,638,6,3828
2587,南京,上海,273,14,3822
2588,上海,南京,273,14,3822
2589,大理,西安,1269,3,3807
2590,赣州,青岛,1269,3,3807
2591,青岛,赣州,1269,3,3807
2592,西安,大理,1269,3,3807
2593,兰州,宜昌,945,4,3780
2594,宁波,天津,1260,3,3780
2595,天津,宁波,1260,3,3780
2596,长治,桂林,1258,3,3774
2597,桂林,长治,1258,3,3774
2598,太原,西宁,1258,3,3774
2599,西宁,太原,1258,3,3774
2600,宁波,石家庄,1252,3,3756
2601,石家庄,宁波,1252,3,3756
2602,长沙,徐州,937,4,3748
2603,徐州,长沙,937,4,3748
2604,海口,惠州,534,7,3738
2605,海口,遵义,1239,3,3717
2606,兰州,张家界,1239,3,3717
2607,牡丹江,烟台,1239,3,3717
2608,烟台,牡丹江,1239,3,3717
2609,张家界,兰州,1239,3,3717
2610,昆明,泸州,530,7,3710
2611,泸州,昆明,530,7,3710
2612,石家庄,包头,530,7,3710
2613,连云港,沈阳,926,4,3704
2614,沈阳,连云港,926,4,3704
2615,西安,喀什,3700,1,3700
2616,嘉峪关,敦煌,336,11,3696
2617,泸州,西安,924,4,3696
2618,西安,泸州,924,4,3696
2619,大连,伊春,1232,3,3696
2620,伊春,大连,1232,3,3696
2621,南阳,南宁,1230,3,3690
2622,大连,佳木斯,1229,3,3687
2623,佳木斯,大连,1229,3,3687
2624,上海,连城,915,4,3660
2625,桂林,郑州,1220,3,3660
2626,济宁,沈阳,1220,3,3660
2627,沈阳,济宁,1220,3,3660
2628,郑州,桂林,1220,3,3660
2629,西安,衡阳,914,4,3656
2630,合肥,黄山,260,14,3640
2631,黄山,合肥,260,14,3640
2632,井冈山,深圳,520,7,3640
2633,深圳,井冈山,520,7,3640
2634,大同,哈尔滨,1211,3,3633
2635,哈尔滨,大同,1211,3,3633
2636,丽江,毕节,517,7,3619
2637,海口,永州,904,4,3616
2638,永州,海口,904,4,3616
2639,兰州,大理,1202,3,3606
2640,井冈山,厦门,515,7,3605
2641,厦门,井冈山,515,7,3605
2642,长春,淮安,1201,3,3603
2643,福州,赣州,600,6,3600
2644,广州,兴义,1200,3,3600
2645,兴义,广州,1200,3,3600
2646,丽江,兴义,513,7,3591
2647,兴义,丽江,513,7,3591
2648,黄山,武汉,448,8,3584
2649,武汉,黄山,448,8,3584
2650,昆明,宜昌,1193,3,3579
2651,哈尔滨,鸡西,511,7,3577
2652,鸡西,哈尔滨,511,7,3577
2653,桂林,张家口,1788,2,3576
2654,安庆,西安,889,4,3556
2655,西安,安庆,889,4,3556
2656,宜昌,宁波,1185,3,3555
2657,宁波,南昌,592,6,3552
2658,广州,池州,1179,3,3537
2659,重庆,洛阳,882,4,3528
2660,洛阳,重庆,882,4,3528
2661,武汉,襄阳(中国),251,14,3514
2662,三亚,宜春,1165,3,3495
2663,洛阳,大连,1162,3,3486
2664,重庆,延安,870,4,3480
2665,延安,重庆,870,4,3480
2666,常德,海口,1159,3,3477
2667,海口,常德,1159,3,3477
2668,衢州,厦门,575,6,3450
2669,厦门,衢州,575,6,3450
2670,重庆,腾冲,1150,3,3450
2671,梅县,郑州,1149,3,3447
2672,郑州,梅县,1149,3,3447
2673,长沙,济宁,861,4,3444
2674,济宁,长沙,861,4,3444
2675,南昌,郑州,860,4,3440
2676,郑州,南昌,860,4,3440
2677,上海,景德镇,490,7,3430
2678,深圳,昭通,1140,3,3420
2679,昭通,深圳,1140,3,3420
2680,哈尔滨,济宁,1709,2,3418
2681,济宁,哈尔滨,1709,2,3418
2682,长沙,临沂,1137,3,3411
2683,大连,梅县,1699,2,3398
2684,梅县,大连,1699,2,3398
2685,长治,成都,1130,3,3390
2686,成都,长治,1130,3,3390
2687,敦煌,乌鲁木齐,847,4,3388
2688,乌鲁木齐,敦煌,847,4,3388
2689,杭州,黔江,1123,3,3369
2690,景德镇,西安,1121,3,3363
2691,西安,景德镇,1121,3,3363
2692,敦煌,嘉峪关,336,10,3360
2693,喀什,阿里,1678,2,3356
2694,梅县,南宁,836,4,3344
2695,南宁,梅县,836,4,3344
2696,北京,锡林浩特,476,7,3332
2697,锡林浩特,北京,476,7,3332
2698,桂林,石家庄,1663,2,3326
2699,石家庄,桂林,1663,2,3326
2700,丽江,绵阳,830,4,3320
2701,绵阳,丽江,830,4,3320
2702,延安,北京,829,4,3316
2703,兰州,庆阳,472,7,3304
2704,常州,宜昌,1100,3,3300
2705,重庆,西宁,1100,3,3300
2706,绵阳,西宁,1100,3,3300
2707,西宁,重庆,1100,3,3300
2708,西宁,绵阳,1100,3,3300
2709,宜昌,常州,1100,3,3300
2710,大理,西双版纳,470,7,3290
2711,西双版纳,大理,470,7,3290
2712,长沙,黎平,469,7,3283
2713,延吉,郑州,1641,2,3282
2714,海口,毕节,1093,3,3279
2715,贵阳,毕节,156,21,3276
2716,鄂尔多斯,呼和浩特,409,8,3272
2717,呼和浩特,鄂尔多斯,409,8,3272
2718,西昌,厦门,1636,2,3272
2719,恩施,西安,463,7,3241
2720,西安,恩施,463,7,3241
2721,深圳,湛江,460,7,3220
2722,烟台,盐城,460,7,3220
2723,盐城,烟台,460,7,3220
2724,湛江,深圳,460,7,3220
2725,丽江,普洱,459,7,3213
2726,哈尔滨,张家口,1065,3,3195
2727,黑河,漠河,455,7,3185
2728,漠河,黑河,455,7,3185
2729,南昌,北海,1058,3,3174
2730,塔城,乌鲁木齐,452,7,3164
2731,乌鲁木齐,塔城,452,7,3164
2732,大理,贵阳,790,4,3160
2733,贵阳,大理,790,4,3160
2734,哈尔滨,通辽,451,7,3157
2735,通辽,哈尔滨,451,7,3157
2736,赣州,深圳,450,7,3150
2737,上海,淮安,450,7,3150
2738,深圳,赣州,450,7,3150
2739,武汉,张家界,450,7,3150
2740,张家界,武汉,450,7,3150
2741,福州,铜仁,1050,3,3150
2742,铜仁,福州,1050,3,3150
2743,齐齐哈尔,大连,1048,3,3144
2744,贵阳,昆明,449,7,3143
2745,昆明,贵阳,449,7,3143
2746,大连,济宁,785,4,3140
2747,济宁,大连,785,4,3140
2748,南阳,上海,1045,3,3135
2749,上海,南阳,1045,3,3135
2750,泸州,南宁,1042,3,3126
2751,南宁,泸州,1042,3,3126
2752,榆林,石家庄,621,5,3105
2753,长沙,毕节,775,4,3100
2754,南通,天津,1031,3,3093
2755,武汉,遵义,771,4,3084
2756,北海,桂林,439,7,3073
2757,桂林,北海,439,7,3073
2758,长沙,遵义,767,4,3068
2759,武汉,乌鲁木齐,3061,1,3061
2760,洛阳,深圳,1530,2,3060
2761,和田,喀什,436,7,3052
2762,喀什,和田,436,7,3052
2763,泸州,郑州,1017,3,3051
2764,郑州,泸州,1017,3,3051
2765,上海,黔江,1524,2,3048
2766,南昌,湛江,1015,3,3045
2767,湛江,南昌,1015,3,3045
2768,哈密,喀什,1522,2,3044
2769,喀什,哈密,1522,2,3044
2770,郑州,遵义,1012,3,3036
2771,大同,沈阳,1006,3,3018
2772,沈阳,大同,1006,3,3018
2773,西双版纳,毕节,752,4,3008
2774,兰州,毕节,998,3,2994
2775,长沙,台州,748,4,2992
2776,台州,长沙,748,4,2992
2777,广州,大庆,2991,1,2991
2778,昆明,永州,990,3,2970
2779,永州,昆明,990,3,2970
2780,阜阳,温州,983,3,2949
2781,温州,阜阳,983,3,2949
2782,大连,潍坊,420,7,2940
2783,潍坊,大连,420,7,2940
2784,满洲里,天津,980,3,2940
2785,天津,满洲里,980,3,2940
2786,长春,唐山,729,4,2916
2787,济南,烟台,415,7,2905
2788,烟台,济南,415,7,2905
2789,济南,北京,412,7,2884
2790,上海,合肥,412,7,2884
2791,乌鲁木齐,富蕴,412,7,2884
2792,郑州,舟山,950,3,2850
2793,舟山,郑州,950,3,2850
2794,安庆,厦门,710,4,2840
2795,拉萨,玉树,710,4,2840
2796,厦门,安庆,710,4,2840
2797,玉树,拉萨,710,4,2840
2798,大连,淮安,707,4,2828
2799,百色,广州,940,3,2820
2800,广州,百色,940,3,2820
2801,武汉,毕节,940,3,2820
2802,梅县,上海,937,3,2811
2803,上海,梅县,937,3,2811
2804,通辽,乌兰浩特,281,10,2810
2805,乌兰浩特,通辽,281,10,2810
2806,重庆,攀枝花,691,4,2764
2807,攀枝花,重庆,691,4,2764
2808,南宁,珠海,689,4,2756
2809,珠海,南宁,689,4,2756
2810,天津,盐城,684,4,2736
2811,珠海,遵义,911,3,2733
2812,大同,西安,910,3,2730
2813,西安,大同,910,3,2730
2814,西安,宜春,907,3,2721
2815,济南,榆林,679,4,2716
2816,榆林,济南,679,4,2716
2817,昆明,林芝,902,3,2706
2818,昆明,芷江,901,3,2703
2819,芷江,昆明,901,3,2703
2820,南昌,遵义,900,3,2700
2821,铜仁,昆明,900,3,2700
2822,阿克苏,重庆,2697,1,2697
2823,重庆,阿克苏,2697,1,2697
2824,呼和浩特,二连浩特,385,7,2695
2825,长沙,兴义,891,3,2673
2826,兴义,长沙,891,3,2673
2827,海口,芷江,1335,2,2670
2828,天津,阿拉善左旗,1327,2,2654
2829,榆林,郑州,660,4,2640
2830,郑州,榆林,660,4,2640
2831,榆林,成都,880,3,2640
2832,朝阳,天津,375,7,2625
2833,桂林,南宁,375,7,2625
2834,南宁,桂林,375,7,2625
2835,天津,朝阳,375,7,2625
2836,北京,普洱,2620,1,2620
2837,恩施,太原,873,3,2619
2838,太原,恩施,873,3,2619
2839,成都,宜昌,870,3,2610
2840,宜昌,成都,870,3,2610
2841,哈尔滨,佳木斯,372,7,2604
2842,佳木斯,哈尔滨,372,7,2604
2843,西安,中卫,650,4,2600
2844,沈阳,乌兰浩特,646,4,2584
2845,乌兰浩特,沈阳,646,4,2584
2846,赣州,南昌,367,7,2569
2847,南昌,赣州,367,7,2569
2848,呼和浩特,银川,639,4,2556
2849,银川,呼和浩特,639,4,2556
2850,武汉,荔波,852,3,2556
2851,北京,敦煌,2552,1,2552
2852,成都,襄阳(中国),850,3,2550
2853,兰州,泸州,850,3,2550
2854,泸州,兰州,850,3,2550
2855,桂林,三亚,845,3,2535
2856,三亚,桂林,845,3,2535
2857,天津,运城,845,3,2535
2858,昆明,绵阳,840,3,2520
2859,绵阳,昆明,840,3,2520
2860,北京,阜阳,839,3,2517
2861,阜阳,西安,836,3,2508
2862,西安,阜阳,836,3,2508
2863,芷江,西安,1250,2,2500
2864,丹东,青岛,623,4,2492
2865,青岛,丹东,623,4,2492
2866,石家庄,榆林,621,4,2484
2867,深圳,泸州,1236,2,2472
2868,赣州,广州,352,7,2464
2869,广州,赣州,352,7,2464
2870,天津,淮安,615,4,2460
2871,杭州,盐城,351,7,2457
2872,盐城,杭州,351,7,2457
2873,朝阳,大连,349,7,2443
2874,大连,朝阳,349,7,2443
2875,贵阳,湛江,808,3,2424
2876,湛江,贵阳,808,3,2424
2877,长沙,荔波,604,4,2416
2878,天津,南阳,804,3,2412
2879,海口,兴义,803,3,2409
2880,兴义,海口,803,3,2409
2881,敦煌,张掖,600,4,2400
2882,鸡西,沈阳,799,3,2397
2883,沈阳,鸡西,799,3,2397
2884,宜昌,昆明,1193,2,2386
2885,烟台,武汉,1170,2,2340
2886,深圳,永州,770,3,2310
2887,永州,深圳,770,3,2310
2888,重庆,黔江,230,10,2300
2889,大连,连云港,570,4,2280
2890,连云港,大连,570,4,2280
2891,连云港,舟山,755,3,2265
2892,舟山,连云港,755,3,2265
2893,成都,康定,283,8,2264
2894,张家界,衡阳,323,7,2261
2895,海口,大同,2250,1,2250
2896,西安,延安,312,7,2184
2897,延安,西安,312,7,2184
2898,漠河,加格达奇,310,7,2170
2899,北海,遵义,722,3,2166
2900,临沂,宁波,711,3,2133
2901,宁波,临沂,711,3,2133
2902,烟台,大庆,530,4,2120
2903,北海,南昌,1058,2,2116
2904,青岛,宜昌,1050,2,2100
2905,包头,洛阳,1046,2,2092
2906,成都,张家界,695,3,2085
2907,张家界,成都,695,3,2085
2908,黄山,深圳,1038,2,2076
2909,深圳,黄山,1038,2,2076
2910,福州,景德镇,687,3,2061
2911,景德镇,福州,687,3,2061
2912,盐城,长沙,1030,2,2060
2913,海拉尔,大庆,511,4,2044
2914,杭州,池州,287,7,2009
2915,梅县,珠海,500,4,2000
2916,珠海,梅县,500,4,2000
2917,上海,通化,1000,2,2000
2918,长治,昆明,2000,1,2000
2919,昆明,黔江,990,2,1980
2920,丽江,遵义,659,3,1977
2921,昆明,黎平,646,3,1938
2922,石家庄,天津,384,5,1920
2923,阿克苏,和田,470,4,1880
2924,广州,井冈山,460,4,1840
2925,井冈山,广州,460,4,1840
2926,西安,庆阳,259,7,1813
2927,合肥,南昌,450,4,1800
2928,南昌,合肥,450,4,1800
2929,延吉,长白山,252,7,1764
2930,太原,银川,585,3,1755
2931,银川,太原,585,3,1755
2932,南宁,毕节,584,3,1752
2933,太原,天津,435,4,1740
2934,天津,太原,435,4,1740
2935,湛江,杭州,1734,1,1734
2936,安庆,宁波,433,4,1732
2937,宁波,安庆,433,4,1732
2938,长沙,惠州,577,3,1731
2939,天津,厦门,1729,1,1729
2940,西安,汉中,245,7,1715
2941,合肥,潍坊,565,3,1695
2942,丽江,泸州,550,3,1650
2943,泸州,丽江,550,3,1650
2944,杭州,淮安,412,4,1648
2945,合肥,上海,412,4,1648
2946,桂林,南昌,820,2,1640
2947,南昌,桂林,820,2,1640
2948,重庆,义乌,1600,1,1600
2949,义乌,重庆,1600,1,1600
2950,杭州,连云港,528,3,1584
2951,连云港,杭州,528,3,1584
2952,合肥,舟山,526,3,1578
2953,舟山,合肥,526,3,1578
2954,拉萨,香格里拉,1573,1,1573
2955,呼和浩特,大庆,392,4,1568
2956,杭州,梅县,778,2,1556
2957,梅县,杭州,778,2,1556
2958,天津,石家庄,384,4,1536
2959,太原,榆林,380,4,1520
2960,榆林,太原,380,4,1520
2961,南京,盐城,217,7,1519
2962,盐城,南京,217,7,1519
2963,上海,舟山,210,7,1470
2964,舟山,上海,210,7,1470
2965,哈密,吐鲁番,366,4,1464
2966,乌鲁木齐,阿里,1462,1,1462
2967,南宁,凯里,483,3,1449
2968,成都,昭通,361,4,1444
2969,昭通,成都,361,4,1444
2970,海拉尔,通辽,720,2,1440
2971,通辽,海拉尔,720,2,1440
2972,百色,深圳,711,2,1422
2973,深圳,百色,711,2,1422
2974,贵阳,南充,473,3,1419
2975,南充,贵阳,473,3,1419
2976,和田,阿克苏,470,3,1410
2977,齐齐哈尔,青岛,1406,1,1406
2978,青岛,齐齐哈尔,1406,1,1406
2979,昆明,洛阳,1365,1,1365
2980,济宁,上海,682,2,1364
2981,上海,济宁,682,2,1364
2982,广州,桂林,452,3,1356
2983,桂林,广州,452,3,1356
2984,库尔勒,克拉玛依,447,3,1341
2985,克拉玛依,库尔勒,447,3,1341
2986,石家庄,长春,1324,1,1324
2987,威海,武汉,1296,1,1296
2988,昆明,昭通,321,4,1284
2989,昭通,昆明,321,4,1284
2990,贵阳,昭通,315,4,1260
2991,昭通,贵阳,315,4,1260
2992,昆明,兴义,312,4,1248
2993,重庆,梧州,1242,1,1242
2994,梧州,重庆,1242,1,1242
2995,成都,黔江,606,2,1212
2996,海拉尔,赤峰,1200,1,1200
2997,哈密,乌鲁木齐,589,2,1178
2998,乌鲁木齐,哈密,589,2,1178
2999,哈尔滨,伊春,391,3,1173
3000,伊春,哈尔滨,391,3,1173
3001,武汉,烟台,1170,1,1170
3002,克拉玛依,乌鲁木齐,289,4,1156
3003,乌鲁木齐,克拉玛依,289,4,1156
3004,大连,通化,564,2,1128
3005,宁波,上海,160,7,1120
3006,上海,宁波,160,7,1120
3007,三亚,湛江,367,3,1101
3008,湛江,三亚,367,3,1101
3009,连云港,徐州,156,7,1092
3010,徐州,连云港,156,7,1092
3011,大连,大庆,1090,1,1090
3012,太原,南昌,1090,1,1090
3013,大庆,武汉,1054,1,1054
3014,沈阳,长治,1050,1,1050
3015,阜阳,厦门,1045,1,1045
3016,西安,固原,341,3,1023
3017,大庆,海拉尔,511,2,1022
3018,大庆,天津,1000,1,1000
3019,杭州,景德镇,330,3,990
3020,景德镇,杭州,330,3,990
3021,银川,庆阳,330,3,990
3022,乌鲁木齐,吐鲁番,240,4,960
3023,连云港,上海,468,2,936
3024,上海,连云港,468,2,936
3025,天津,阜阳,921,1,921
3026,贵阳,凯里,126,7,882
3027,大同,太原,279,3,837
3028,太原,大同,279,3,837
3029,北京,延安,829,1,829
3030,南宁,湛江,274,3,822
3031,湛江,南宁,274,3,822
3032,天津,烟台,402,2,804
3033,锦州,天津,385,2,770
3034,天津,锦州,385,2,770
3035,西安,石家庄,696,1,696
3036,临沂,北京,665,1,665
3037,北海,海口,205,3,615
3038,海口,北海,205,3,615
3039,海口,湛江,146,4,584
3040,桂林,梧州,350,1,350
3041,梧州,桂林,350,1,350
3042,湛江,海口,146,2,292
